STATE,FATAL,SERIOUS,MINOR,TOTAL CASES,NUMBER INJURED,NUMBER KILLED,TOTAL CASUALTY,PEOPLE INVOLVED,SPV,UPD,TBT,MDV,BFL,OVL,DOT,WOT,DGD,BRD,RTV,OBS,SOS,DAD,PWR,FTQ,SLV,OTHERS,QUARTER,YEAR,All Sky Surface Total PAR (MJ/m^2/day),All Sky Surface UV Index (W m-2 x 40),deg Cloud Amount (%),Surface Soil Wetness (1),Precipitation Corrected (mm/day),Surface Pressure (kPa),Specific Humidity at 2 Meters (g/kg),Temperature at 2 Meters (C),Dew/Frost Point at 2 Meters (C),Earth Skin Temperature (C),Wind Direction at 2 Meters (Degrees),Wind Speed at 10 Meters Range (m/s),Wind Speed at 2 Meters (m/s),CAUSE_SUM,CAUSE_RATE
ABIA,10,19,1,30,146,31,177,279,19,0,4,0,3,0,0,5,0,0,3,0,0,0,0,0,2,1,Q4,2020,7.88,1.7233333333333334,70.92999999999999,0.86,3.1966666666666668,100.01333333333332,17.97,25.823333333333334,23.26,25.76,255.96666666666667,2.013333333333333,1.0999999999999999,207,6.9
ADAMAWA,14,63,0,77,234,36,270,443,57,0,3,2,0,1,0,17,1,0,3,10,0,0,0,0,0,0,Q4,2020,9.950000000000001,2.09,27.97,0.38999999999999996,0.7000000000000001,98.11333333333333,10.65,27.50666666666667,13.65,28.026666666666667,55.36666666666667,3.06,1.8766666666666667,347,4.5064935064935066
AKWA IBOM,6,13,3,22,28,7,35,89,15,0,0,0,2,0,0,1,4,0,1,0,0,0,0,1,0,0,Q4,2020,,,,,,,,,,,,,,57,2.590909090909091
ANAMBRA,14,41,17,72,152,20,172,526,43,0,3,0,9,0,0,4,0,0,6,1,0,1,0,0,6,10,Q4,2020,8.323333333333332,1.7933333333333332,59.6,0.86,3.776666666666667,99.88333333333333,17.76,25.956666666666667,23.043333333333333,25.91,282.56666666666666,2.123333333333333,1.2,244,3.388888888888889
BAUCHI,45,108,1,154,685,90,775,1182,74,0,11,3,0,5,2,21,7,2,4,3,0,0,0,0,8,0,Q4,2020,9.66,2.04,26.42,0.5466666666666667,0.6266666666666666,95.32000000000001,10.686666666666667,23.42,13.586666666666666,22.936666666666667,54.26666666666667,3.4066666666666663,1.9000000000000001,929,6.032467532467533
BAYELSA,0,1,0,1,3,0,3,3,1,0,0,0,0,0,0,0,0,0,0,0,0,0,0,0,0,0,Q4,2020,7.273333333333333,1.6033333333333335,73.40333333333332,0.9433333333333334,7.753333333333333,100.88666666666666,18.786666666666665,26.25,24.156666666666666,26.453333333333333,232.26666666666665,1.57,1.1033333333333333,4,4.0
BENUE,10,43,24,77,177,25,202,254,81,0,0,0,0,0,0,0,0,0,0,0,0,0,0,0,0,0,Q4,2020,9.073333333333332,1.93,45.629999999999995,0.61,0.9566666666666667,99.46,15.11,26.873333333333335,20.116666666666664,27.186666666666667,113.53333333333335,2.8833333333333333,1.4466666666666665,279,3.6233766233766236
BORNO,8,17,0,25,67,16,83,118,11,0,4,2,0,0,0,0,1,0,0,0,0,0,0,0,0,0,Q4,2020,9.916666666666666,2.08,22.546666666666667,0.27,0.44333333333333336,97.51333333333332,8.516666666666666,25.52333333333333,10.06,26.25,38.06666666666667,2.973333333333333,2.37,108,4.32
CROSS RIVER,9,19,5,33,65,11,76,164,23,0,1,2,1,1,0,2,3,1,0,4,0,0,0,0,0,1,Q4,2020,8.06,1.82,70.88333333333334,0.8233333333333333,1.6566666666666665,99.71666666666665,17.436666666666667,26.090000000000003,22.72,26.116666666666664,241.9333333333333,2.1666666666666665,1.1033333333333333,109,3.303030303030303
DELTA,25,36,6,67,182,36,218,407,70,0,10,0,4,0,0,8,1,0,1,0,0,0,0,0,17,0,Q4,2020,7.586666666666666,1.6366666666666667,64.95666666666666,0.93,7.506666666666667,100.96666666666665,18.886666666666667,26.179999999999996,24.25,26.223333333333333,236.03333333333333,0.8766666666666666,0.31333333333333335,285,4.253731343283582
EBONYI,10,16,1,27,82,11,93,200,9,0,8,0,0,0,0,6,3,0,0,0,0,0,0,0,3,0,Q4,2020,8.723333333333334,1.9000000000000001,58.04,0.7000000000000001,1.03,100.04333333333334,16.42,26.47666666666667,21.713333333333335,26.51,155.9333333333333,2.3766666666666665,1.2633333333333334,120,4.444444444444445
EDO,20,29,6,55,118,32,150,311,77,0,9,2,2,2,0,4,5,0,1,0,0,0,0,0,0,0,Q4,2020,7.863333333333333,1.6833333333333333,66.18333333333334,0.8733333333333334,4.536666666666666,99.99333333333334,18.106666666666666,25.856666666666666,23.376666666666665,25.75,172.4333333333333,1.2566666666666666,0.6533333333333333,205,3.727272727272727
EKITI,8,20,2,30,71,9,80,185,23,0,1,0,4,0,0,7,2,0,1,1,0,1,0,0,4,2,Q4,2020,8.216666666666667,1.7466666666666668,58.60333333333333,0.8233333333333333,2.6366666666666667,96.82666666666667,16.62,24.676666666666666,21.41,24.546666666666667,172.26666666666665,1.9266666666666667,1.0,110,3.6666666666666665
ENUGU,9,24,11,44,116,30,146,387,10,0,0,1,10,0,0,2,3,0,1,0,0,0,0,0,21,0,Q4,2020,8.323333333333332,1.7933333333333332,59.6,0.7566666666666667,1.92,99.33999999999999,16.626666666666665,25.80333333333333,21.813333333333333,25.583333333333332,181.26666666666665,2.2433333333333336,1.22,190,4.318181818181818
FCT,71,182,59,312,572,90,662,1543,284,1,18,4,7,1,4,13,18,0,18,2,0,1,0,2,91,16,Q4,2020,9.229999999999999,1.95,38.70666666666667,0.6133333333333333,1.4266666666666667,98.12,13.856666666666667,25.656666666666666,18.486666666666668,25.403333333333336,93.96666666666665,2.8466666666666662,1.4166666666666667,974,3.121794871794872
GOMBE,18,50,2,70,231,26,257,459,59,1,2,1,1,0,0,7,8,0,1,0,0,0,0,0,4,0,Q4,2020,9.88,2.0733333333333337,23.363333333333333,0.6433333333333334,0.58,96.79333333333334,11.303333333333333,24.036666666666665,14.67,23.356666666666666,61.800000000000004,3.4266666666666663,1.9000000000000001,327,4.671428571428572
IMO,9,20,2,31,91,15,106,230,11,0,3,0,1,0,0,1,4,1,0,1,0,0,0,0,2,0,Q4,2020,7.88,1.7233333333333334,70.92999999999999,0.8966666666666666,4.703333333333333,100.35666666666667,18.236666666666665,26.153333333333332,23.570000000000004,26.153333333333336,254.0,1.8466666666666667,1.0166666666666668,137,4.419354838709677
JIGAWA,27,61,4,92,318,64,382,628,118,1,11,2,0,12,0,7,1,0,8,10,0,0,0,0,6,1,Q4,2020,9.463333333333333,1.906666666666667,20.73,0.41,1.8066666666666666,96.68,9.263333333333334,23.396666666666665,11.4,23.159999999999997,53.06666666666666,2.1666666666666665,0.9166666666666666,474,5.1521739130434785
KADUNA,93,175,13,281,1010,224,1234,2234,194,1,13,0,5,3,4,15,13,8,22,2,2,0,0,0,35,46,Q4,2020,9.563333333333333,2.02,28.703333333333333,0.7666666666666666,1.5633333333333332,94.19,11.893333333333333,21.653333333333336,15.356666666666667,21.143333333333334,70.2,3.293333333333333,2.2966666666666664,1515,5.391459074733096
KANO,54,46,2,102,499,194,693,1013,90,0,4,0,2,0,2,7,13,0,6,0,0,0,0,2,3,1,Q4,2020,9.49,1.9566666666666668,23.66333333333333,0.42333333333333334,1.6666666666666667,96.2,9.453333333333333,22.866666666666664,11.753333333333332,22.429999999999996,55.1,2.0100000000000002,0.6133333333333333,795,7.794117647058823
KATSINA,19,54,4,77,277,39,316,421,80,0,1,2,3,0,0,4,7,3,3,1,1,0,0,0,1,1,Q4,2020,9.336666666666668,1.9000000000000001,20.433333333333334,0.5399999999999999,1.97,95.86333333333334,10.219999999999999,22.39,12.826666666666668,21.53333333333333,88.89999999999999,3.4,2.0866666666666664,393,5.103896103896104
KEBBI,21,33,4,58,222,56,278,387,45,0,3,2,0,0,0,6,4,0,1,0,0,0,0,0,1,2,Q4,2020,9.366666666666667,1.88,20.253333333333334,0.5266666666666667,0.47,98.39666666666666,11.799999999999999,23.77333333333333,15.653333333333334,23.55333333333333,81.73333333333333,2.04,1.1533333333333333,336,5.793103448275862
KOGI,23,82,17,122,335,55,390,851,91,0,8,4,8,1,0,16,8,2,6,6,0,1,0,1,26,0,Q4,2020,8.363333333333333,1.75,52.373333333333335,0.7733333333333333,2.51,98.92333333333333,16.006666666666668,25.823333333333334,21.096666666666668,25.560000000000002,164.4333333333333,2.3866666666666667,1.2766666666666666,512,4.19672131147541
KWARA,26,64,12,102,313,60,373,694,105,1,5,3,5,0,0,18,6,2,0,0,0,0,0,0,15,3,Q4,2020,8.833333333333334,1.8633333333333333,46.03666666666667,0.5033333333333333,1.1733333333333333,97.75666666666666,13.496666666666668,26.66,17.886666666666667,27.37,82.56666666666666,3.1,1.5466666666666666,475,4.6568627450980395
LAGOS,14,61,38,113,181,21,202,602,46,0,3,12,23,0,0,4,6,6,3,0,0,1,0,3,0,7,Q4,2020,8.12,1.72,58.876666666666665,0.6733333333333333,2.296666666666667,100.79333333333334,18.63,26.73,23.99333333333333,27.093333333333334,225.9333333333333,1.71,1.8133333333333332,315,2.7876106194690267
NASARAWA,42,112,46,200,513,65,578,961,114,0,6,4,1,0,0,12,52,5,14,2,0,0,0,0,32,29,Q4,2020,9.229999999999999,1.95,38.70666666666667,0.5766666666666667,1.5866666666666667,98.3,13.799999999999999,26.393333333333334,18.346666666666668,26.409999999999997,116.13333333333333,2.5566666666666666,1.3033333333333335,778,3.89
NIGER,27,80,3,110,347,91,438,653,102,0,1,1,4,0,0,4,0,0,8,1,1,0,0,0,4,0,Q4,2020,9.086666666666666,1.8733333333333333,36.14666666666667,0.4566666666666666,1.32,99.60333333333334,13.966666666666667,27.036666666666665,18.80333333333333,27.45,91.5,2.4166666666666665,1.3566666666666667,548,4.9818181818181815
OGUN,59,160,60,279,548,83,631,1678,254,0,22,10,28,4,1,12,20,1,13,6,0,0,0,0,2,4,Q4,2020,8.12,1.72,58.876666666666665,0.7933333333333333,2.453333333333333,100.04666666666667,18.166666666666668,26.0,23.433333333333334,26.126666666666665,214.76666666666665,1.4366666666666665,0.8666666666666667,910,3.261648745519713
ONDO,49,56,9,114,320,84,404,899,107,0,7,3,3,0,0,14,13,1,4,1,1,0,0,1,0,0,Q4,2020,8.216666666666667,1.7466666666666668,58.60333333333333,0.8233333333333333,2.6366666666666667,96.82666666666667,16.62,24.676666666666666,21.41,24.546666666666667,172.26666666666665,1.9266666666666667,1.0,518,4.543859649122807
OSUN,34,65,10,109,292,52,344,711,93,0,11,5,3,2,0,8,10,2,7,1,1,0,0,0,0,0,Q4,2020,8.15,1.7233333333333334,59.423333333333325,0.86,2.7099999999999995,98.17333333333333,17.276666666666667,25.266666666666666,22.266666666666666,25.126666666666665,170.06666666666666,1.47,0.7366666666666667,453,4.155963302752293
OYO,41,89,25,155,385,68,453,1120,128,1,15,5,14,1,0,14,18,1,6,0,2,0,0,4,0,0,Q4,2020,8.166666666666666,1.71,54.196666666666665,0.7666666666666666,2.356666666666667,97.88,16.349999999999998,25.293333333333333,21.28,25.189999999999998,142.20000000000002,2.263333333333333,1.2,608,3.92258064516129
PLATEAU,8,20,17,45,123,17,140,255,18,0,2,3,9,0,0,3,7,0,0,0,0,2,0,0,1,3,Q4,2020,9.549999999999999,2.046666666666667,28.776666666666667,0.45999999999999996,0.5033333333333333,95.14666666666666,10.393333333333333,25.706666666666667,12.756666666666666,25.99,54.36666666666667,3.3666666666666667,2.513333333333333,185,4.111111111111111
RIVERS,3,18,4,25,77,6,83,194,19,0,2,1,3,0,0,0,0,0,2,0,0,0,0,0,2,0,Q4,2020,7.239999999999999,1.6333333333333335,76.38666666666667,0.93,6.640000000000001,100.76333333333332,18.61,26.19666666666667,23.97666666666667,26.156666666666666,237.4,1.3633333333333333,0.7133333333333334,108,4.32
SOKOTO,12,20,0,32,138,47,185,228,49,0,0,0,0,2,0,2,2,0,1,4,0,0,0,0,0,0,Q4,2020,9.593333333333334,1.9433333333333334,16.25,0.5233333333333333,0.4366666666666667,98.03333333333335,11.503333333333332,23.3,15.116666666666667,22.676666666666666,92.36666666666667,2.7566666666666664,1.7966666666666669,217,6.78125
TARABA,5,53,1,59,149,7,156,284,57,0,2,1,0,1,0,4,7,0,3,0,5,0,0,0,12,0,Q4,2020,9.686666666666666,2.0933333333333333,33.73,0.46,1.5099999999999998,98.18,12.07,26.099999999999998,15.893333333333333,26.116666666666664,93.39999999999999,3.0399999999999996,1.8699999999999999,215,3.6440677966101696
YOBE,24,30,2,56,383,60,443,602,28,0,9,1,0,2,0,7,5,0,1,0,0,0,0,0,0,0,Q4,2020,9.743333333333334,1.9833333333333334,20.616666666666664,0.25,0.36999999999999994,96.88999999999999,8.216666666666667,24.87,9.296666666666667,25.30666666666667,53.06666666666667,2.686666666666666,1.82,499,8.910714285714286
ZAMFARA,18,37,0,55,252,40,292,475,40,0,2,1,0,5,2,6,0,1,2,0,0,0,0,0,1,12,Q4,2020,9.406666666666666,1.9000000000000001,18.97,0.49666666666666665,1.2666666666666666,95.23,10.286666666666667,22.89,12.933333333333332,22.673333333333332,85.3,3.733333333333333,2.33,347,6.3090909090909095
ABIA,16,23,5,44,119,35,154,289,7,0,10,1,4,0,0,3,0,0,3,0,0,0,0,0,7,1,Q1,2021,7.803333333333334,1.7033333333333334,62.27333333333333,0.7033333333333333,1.1033333333333335,99.88666666666666,17.503333333333334,26.296666666666667,22.703333333333333,26.326666666666668,253.66666666666666,2.2166666666666663,1.3133333333333332,198,4.5
ADAMAWA,11,73,0,84,251,21,272,437,60,0,7,0,0,4,0,16,0,0,5,14,1,0,0,0,3,0,Q1,2021,9.72,2.276666666666667,38.96,0.19999999999999998,0.10666666666666667,97.94666666666667,5.646666666666667,29.659999999999997,3.2466666666666666,31.03,140.36666666666667,3.9666666666666663,2.98,356,4.238095238095238
AKWA IBOM,7,12,3,22,35,12,47,117,15,0,0,0,3,0,0,2,1,0,1,0,0,0,0,0,2,0,Q1,2021,,,,,,,,,,,,,,69,3.1363636363636362
ANAMBRA,9,55,16,80,147,9,156,575,59,0,6,1,21,0,0,6,1,0,4,1,0,0,0,0,9,1,Q1,2021,8.17,1.82,55.71333333333333,0.7000000000000001,1.1466666666666665,99.75999999999999,17.17,26.313333333333333,22.27,26.263333333333332,260.8333333333333,2.643333333333333,1.4733333333333334,236,2.95
BAUCHI,52,78,1,131,634,115,749,1138,77,0,16,3,0,0,1,18,15,1,4,2,1,0,0,0,14,1,Q1,2021,9.290000000000001,2.1466666666666665,30.426666666666666,0.3,0.07,95.20333333333333,5.62,25.060000000000002,3.5033333333333334,25.856666666666666,35.46666666666667,3.8699999999999997,2.97,880,6.717557251908397
BAYELSA,0,6,1,7,15,0,15,29,7,0,0,0,0,0,0,0,1,0,0,0,0,0,1,0,0,0,Q1,2021,7.256666666666667,1.5466666666666666,66.34666666666666,0.8533333333333334,2.92,100.75333333333333,18.623333333333335,26.76,23.886666666666667,26.843333333333334,239.70000000000002,1.6966666666666665,1.25,22,3.142857142857143
BENUE,10,27,15,52,123,15,138,187,46,0,1,0,1,0,0,0,2,0,0,0,0,0,0,0,1,3,Q1,2021,8.626666666666667,1.9266666666666665,50.446666666666665,0.4466666666666667,0.3833333333333333,99.31666666666666,12.36,28.436666666666667,15.976666666666667,29.310000000000002,117.93333333333334,3.9633333333333334,2.0,190,3.6538461538461537
BORNO,8,23,0,31,78,24,102,149,31,0,3,0,0,0,0,2,5,0,2,1,0,0,0,0,2,0,Q1,2021,9.959999999999999,2.3666666666666667,35.096666666666664,0.10666666666666667,0.0,97.40333333333335,3.89,26.796666666666667,-0.98,28.03,33.03333333333334,3.8000000000000003,3.3333333333333335,133,4.290322580645161
CROSS RIVER,12,13,0,25,50,30,80,135,17,0,0,2,2,0,0,5,3,0,0,0,0,0,0,0,0,2,Q1,2021,8.256666666666668,1.8766666666666667,59.086666666666666,0.6699999999999999,0.8833333333333334,99.58333333333333,16.5,26.933333333333334,21.64333333333333,27.293333333333333,230.4333333333333,2.6266666666666665,1.4000000000000001,105,4.2
DELTA,21,39,11,71,196,51,247,482,68,1,6,2,7,0,0,5,3,0,2,0,0,0,0,0,11,3,Q1,2021,7.23,1.5333333333333332,60.53,0.8333333333333334,2.81,100.83999999999999,18.77,26.646666666666665,24.016666666666666,26.586666666666662,242.36666666666667,1.04,0.36000000000000004,318,4.47887323943662
EBONYI,10,19,2,31,121,27,148,274,13,0,6,0,0,0,0,5,0,0,2,0,0,0,0,0,6,0,Q1,2021,8.590000000000002,1.9333333333333333,53.576666666666675,0.5566666666666666,0.45999999999999996,99.90333333333335,14.676666666666668,27.80666666666667,19.356666666666666,28.483333333333334,222.53333333333333,3.4466666666666668,1.7033333333333331,179,5.774193548387097
EDO,20,30,6,56,140,51,191,386,68,0,2,1,2,0,0,5,4,0,6,0,0,0,0,0,0,1,Q1,2021,7.473333333333334,1.6199999999999999,61.77,0.7566666666666667,1.83,99.87,17.933333333333334,26.123333333333335,23.046666666666667,25.996666666666666,250.93333333333337,1.5899999999999999,0.77,247,4.410714285714286
EKITI,10,19,2,31,101,13,114,175,29,0,1,1,4,0,0,1,0,0,0,0,0,1,0,0,4,0,Q1,2021,7.7700000000000005,1.6900000000000002,52.56333333333333,0.66,0.8833333333333333,96.70333333333333,15.886666666666665,25.30666666666667,20.42,25.439999999999998,225.9333333333333,2.3000000000000003,1.2233333333333334,145,4.67741935483871
ENUGU,24,36,6,66,222,37,259,505,3,0,4,3,7,0,0,5,7,0,5,0,0,0,0,0,41,0,Q1,2021,8.17,1.82,55.71333333333333,0.6333333333333333,0.5833333333333334,99.21333333333332,15.69,26.263333333333332,20.56,26.233333333333334,268.09999999999997,2.89,1.5733333333333335,325,4.924242424242424
FCT,41,177,60,278,518,56,574,1289,158,0,17,4,7,2,0,1,36,0,34,1,0,1,0,0,125,14,Q1,2021,8.88,2.0366666666666666,44.973333333333336,0.4566666666666667,0.10666666666666667,97.96999999999998,10.226666666666667,27.043333333333333,13.049999999999999,27.293333333333333,107.33333333333333,3.6833333333333336,1.7700000000000002,852,3.064748201438849
GOMBE,11,59,2,72,232,31,263,388,33,0,9,7,2,3,0,2,11,0,4,2,0,0,0,0,9,0,Q1,2021,9.540000000000001,2.216666666666667,34.766666666666666,0.29,0.16,96.66000000000001,5.676666666666667,26.513333333333332,3.293333333333333,27.24,34.166666666666664,4.226666666666667,3.4433333333333334,335,4.652777777777778
IMO,7,7,2,16,71,17,88,116,5,0,3,1,2,0,0,3,0,0,0,0,0,0,0,0,2,0,Q1,2021,7.803333333333334,1.7033333333333334,62.27333333333333,0.7533333333333333,1.5533333333333335,100.22666666666667,17.773333333333333,26.52,22.99666666666667,26.496666666666666,256.0333333333333,2.17,1.2300000000000002,104,6.5
JIGAWA,15,50,2,67,264,35,299,443,82,1,7,1,0,12,0,6,6,0,5,7,0,0,0,1,4,0,Q1,2021,9.23,2.0466666666666664,29.189999999999998,0.19333333333333336,0.0,96.59333333333332,4.206666666666667,24.623333333333335,0.009999999999999934,24.916666666666668,47.1,2.823333333333333,1.5999999999999999,366,5.462686567164179
KADUNA,104,147,5,256,1149,196,1345,2151,211,1,22,4,5,0,0,30,12,3,16,2,3,0,0,7,48,4,Q1,2021,9.286666666666667,2.1266666666666665,27.486666666666668,0.51,2.27,94.07333333333332,7.886666666666667,22.703333333333333,8.25,22.576666666666668,57.1,4.1499999999999995,3.3266666666666667,1601,6.25390625
KANO,33,100,4,137,604,100,704,1013,110,1,8,0,1,2,4,17,6,1,12,2,0,0,0,3,17,0,Q1,2021,9.356666666666667,2.1166666666666667,27.209999999999997,0.24,0.0,96.10666666666667,4.776666666666666,23.653333333333332,1.64,23.583333333333332,50.333333333333336,2.623333333333333,1.2133333333333332,841,6.138686131386861
KATSINA,19,52,0,71,287,29,316,469,74,0,2,0,3,0,0,3,7,0,2,0,0,0,0,0,1,1,Q1,2021,9.040000000000001,2.0066666666666664,26.323333333333334,0.17,0.0,95.77333333333333,4.256666666666667,24.179999999999996,0.03333333333333336,24.689999999999998,71.1,4.646666666666667,3.32,387,5.450704225352113
KEBBI,13,31,0,44,139,21,160,263,38,0,0,0,0,1,0,4,4,0,0,0,0,0,0,0,0,0,Q1,2021,9.103333333333333,2.02,33.39333333333334,0.18333333333333335,0.023333333333333334,98.27333333333333,5.536666666666666,26.036666666666665,3.8633333333333333,26.403333333333332,71.63333333333334,3.4033333333333338,2.026666666666667,204,4.636363636363637
KOGI,38,83,22,143,425,94,519,1361,105,0,8,5,10,0,0,19,6,0,11,9,4,1,0,0,35,3,Q1,2021,7.8933333333333335,1.7066666666666668,53.02,0.56,0.4733333333333334,98.78666666666668,14.280000000000001,26.893333333333334,18.793333333333333,27.099999999999998,162.76666666666668,2.8666666666666667,1.7733333333333334,662,4.629370629370629
KWARA,25,62,13,100,369,69,438,680,91,0,5,6,1,1,1,17,2,0,0,0,0,0,0,0,32,7,Q1,2021,8.353333333333333,1.8533333333333333,44.410000000000004,0.32,0.19000000000000003,97.62666666666667,9.526666666666666,28.066666666666666,11.653333333333334,29.403333333333332,101.76666666666667,3.81,2.1633333333333336,538,5.38
LAGOS,23,73,55,151,243,26,269,709,85,0,2,16,13,0,0,12,8,3,6,0,0,0,0,2,0,5,Q1,2021,7.566666666666666,1.5966666666666667,56.339999999999996,0.5666666666666668,1.2166666666666666,100.66666666666667,18.8,27.396666666666665,24.063333333333333,27.61,228.86666666666667,2.09,2.08,420,2.781456953642384
NASARAWA,37,100,39,176,452,77,529,931,75,0,8,9,3,0,0,10,34,1,11,0,0,1,0,1,34,31,Q1,2021,8.88,2.0366666666666666,44.973333333333336,0.37333333333333335,0.44333333333333336,98.15333333333332,9.793333333333335,28.166666666666668,11.816666666666668,28.830000000000002,141.5,3.043333333333333,1.7633333333333334,705,4.005681818181818
NIGER,25,82,1,108,492,93,585,809,128,0,1,4,4,2,0,11,8,0,7,1,0,0,0,2,2,1,Q1,2021,8.506666666666666,1.8566666666666667,41.300000000000004,0.30666666666666664,0.03333333333333333,99.45333333333333,10.103333333333333,28.393333333333334,13.209999999999999,29.55333333333333,103.16666666666667,3.28,1.71,693,6.416666666666667
OGUN,58,173,68,299,670,82,752,1908,270,0,20,25,23,6,1,18,8,10,11,4,3,0,0,0,4,4,Q1,2021,7.566666666666666,1.5966666666666667,56.339999999999996,0.6633333333333333,1.0333333333333334,99.92333333333333,17.933333333333334,26.37,23.11,26.483333333333334,226.6,1.8533333333333335,1.0466666666666666,1051,3.5150501672240804
ONDO,32,76,7,115,290,43,333,752,96,0,8,3,9,0,1,14,12,3,4,0,0,0,0,2,0,0,Q1,2021,7.7700000000000005,1.6900000000000002,52.56333333333333,0.66,0.8833333333333333,96.70333333333333,15.886666666666665,25.30666666666667,20.42,25.439999999999998,225.9333333333333,2.3000000000000003,1.2233333333333334,448,3.8956521739130436
OSUN,22,72,11,105,317,43,360,749,78,0,11,6,8,0,2,7,10,2,2,2,1,0,0,3,0,0,Q1,2021,7.57,1.6133333333333333,51.903333333333336,0.6966666666666667,1.16,98.05333333333333,16.44,25.830000000000002,21.22,25.900000000000002,198.33333333333334,1.8466666666666667,0.8933333333333334,465,4.428571428571429
OYO,56,107,13,176,399,103,502,1169,129,0,14,7,19,1,2,19,17,5,4,2,0,0,2,1,0,0,Q1,2021,7.646666666666666,1.6233333333333333,51.153333333333336,0.5833333333333334,1.1133333333333335,97.76,14.910000000000002,26.09,19.393333333333334,26.353333333333335,156.66666666666666,2.83,1.53,678,3.852272727272727
PLATEAU,10,25,13,48,130,15,145,251,15,0,1,3,7,1,0,4,9,0,0,1,0,0,0,0,1,9,Q1,2021,9.056666666666667,2.086666666666667,33.73,0.18333333333333335,0.27666666666666667,95.00999999999999,5.7299999999999995,27.846666666666664,2.6066666666666665,29.083333333333332,28.03333333333333,4.353333333333333,3.9533333333333336,193,4.020833333333333
RIVERS,3,16,2,21,54,4,58,118,12,0,4,0,0,0,0,2,0,0,1,0,0,0,0,0,1,2,Q1,2021,7.526666666666667,1.6766666666666667,70.50666666666666,0.81,2.19,100.63,18.386666666666667,26.653333333333336,23.669999999999998,26.606666666666666,246.0666666666667,1.5466666666666666,0.85,79,3.761904761904762
SOKOTO,15,22,0,37,119,33,152,205,46,0,1,0,1,0,1,1,5,0,1,1,0,0,0,0,0,0,Q1,2021,9.410000000000002,2.063333333333333,21.61,0.21333333333333335,0.0,97.92,4.963333333333334,25.346666666666664,2.2733333333333334,25.526666666666667,76.60000000000001,4.57,2.873333333333333,189,5.108108108108108
TARABA,8,58,1,67,213,12,225,315,31,0,3,1,0,0,0,3,21,0,1,3,22,0,0,0,19,0,Q1,2021,9.38,2.2266666666666666,45.583333333333336,0.2733333333333334,0.11666666666666665,98.02999999999999,6.816666666666666,28.05,6.196666666666666,28.83666666666667,107.36666666666667,3.8833333333333333,2.9766666666666666,292,4.358208955223881
YOBE,17,24,1,42,235,35,270,379,28,0,5,1,0,1,0,6,7,1,1,1,0,0,0,0,0,0,Q1,2021,9.713333333333333,2.2133333333333334,25.103333333333335,0.07333333333333333,0.0,96.79666666666667,3.716666666666667,25.723333333333333,-1.6066666666666665,26.563333333333333,41.166666666666664,3.66,2.6533333333333333,312,7.428571428571429
ZAMFARA,8,33,0,41,153,14,167,235,29,0,2,0,0,0,1,6,2,0,5,0,1,0,0,0,1,0,Q1,2021,9.286666666666667,2.0733333333333333,26.536666666666665,0.2833333333333333,0.0033333333333333335,95.12,5.28,24.413333333333338,2.6566666666666667,25.026666666666667,76.96666666666667,5.126666666666666,3.436666666666667,208,5.073170731707317
ABIA,10,11,0,21,69,19,88,177,20,0,1,1,1,1,0,0,3,0,4,0,0,0,0,0,0,1,Q2,2021,7.986666666666667,1.8399999999999999,82.89333333333333,0.73,6.873333333333334,100.00333333333333,18.78,26.310000000000002,24.003333333333334,26.373333333333335,224.20000000000002,1.9766666666666666,1.3733333333333333,109,5.190476190476191
ADAMAWA,11,76,3,90,280,21,301,468,70,0,3,3,0,0,0,11,1,0,3,14,0,0,0,0,2,0,Q2,2021,9.863333333333333,2.2433333333333336,76.51666666666667,0.3666666666666667,2.8866666666666667,97.96999999999998,14.89,30.63,19.2,31.959999999999997,257.03333333333336,3.2900000000000005,2.0933333333333333,391,4.344444444444444
AKWA IBOM,6,9,1,16,32,10,42,87,10,0,0,0,1,0,0,2,1,1,1,0,0,0,0,0,0,1,Q2,2021,,,,,,,,,,,,,,58,3.625
ANAMBRA,15,31,20,66,138,18,156,418,37,0,2,4,38,0,0,6,1,0,6,0,1,0,0,0,5,0,Q2,2021,8.459999999999999,1.91,79.51,0.7399999999999999,8.02,99.87666666666667,18.846666666666668,26.3,24.040000000000003,26.41,228.0,2.22,1.5733333333333333,222,3.3636363636363638
BAUCHI,33,72,0,105,418,46,464,737,55,0,8,5,0,2,0,17,7,0,5,5,1,0,0,0,7,0,Q2,2021,9.806666666666667,2.2533333333333334,69.72000000000001,0.49,9.77,95.12,14.026666666666666,28.603333333333335,17.423333333333332,29.593333333333334,164.16666666666666,3.49,2.1533333333333333,569,5.419047619047619