STATE,FATAL,SERIOUS,MINOR,TOTAL CASES,NUMBER INJURED,NUMBER KILLED,TOTAL CASUALTY,PEOPLE INVOLVED,SPV,UPD,TBT,MDV,BFL,OVL,DOT,WOT,DGD,BRD,RTV,OBS,SOS,DAD,PWR,FTQ,SLV,OTHERS,QUARTER,YEAR,All Sky Surface Total PAR (MJ/m^2/day),All Sky Surface UV Index (W m-2 x 40),deg Cloud Amount (%),Surface Soil Wetness (1),Precipitation Corrected (mm/day),Surface Pressure (kPa),Specific Humidity at 2 Meters (g/kg),Temperature at 2 Meters (C),Dew/Frost Point at 2 Meters (C),Earth Skin Temperature (C),Wind Direction at 2 Meters (Degrees),Wind Speed at 10 Meters Range (m/s),Wind Speed at 2 Meters (m/s),CAUSE_SUM,CAUSE_RATE
ENUGU,16,43,11,70,215,24,239,491,28,0,1,2,9,0,0,6,6,0,2,0,0,0,0,0,18,3,Q2,2022,7.756666666666667,1.7933333333333332,80.47,0.6266666666666666,3.6799999999999997,99.32000000000001,18.186666666666667,26.206666666666667,23.36,26.44666666666667,228.66666666666666,2.33,1.7466666666666668,309,4.414285714285715
FCT,80,353,105,538,1028,111,1139,2664,425,0,36,16,4,3,2,18,49,0,75,3,0,1,0,2,188,20,Q2,2022,8.556666666666667,1.9266666666666667,76.22333333333334,0.5933333333333334,4.883333333333334,98.06,17.836666666666666,26.853333333333335,22.823333333333334,27.203333333333333,201.96666666666667,2.3800000000000003,1.38,1677,3.117100371747212
GOMBE,13,67,1,81,199,35,234,357,43,2,7,2,0,5,0,3,13,0,2,1,0,0,0,0,16,0,Q2,2022,9.836666666666666,2.183333333333333,66.35666666666667,0.6166666666666667,19.400000000000002,96.62,16.846666666666668,27.24333333333333,21.363333333333333,27.733333333333334,213.16666666666666,3.03,2.313333333333333,315,3.888888888888889
IMO,5,13,2,20,46,9,55,94,6,0,1,0,3,0,0,0,6,0,0,0,0,0,0,0,10,0,Q2,2022,7.683333333333334,1.79,83.28333333333333,0.7733333333333333,6.803333333333334,100.34666666666668,18.833333333333332,26.21666666666667,24.106666666666666,26.330000000000002,223.0,1.7699999999999998,1.25,75,3.75
JIGAWA,13,74,1,88,333,46,379,594,99,0,11,1,0,5,0,10,3,0,3,9,0,0,1,1,3,1,Q2,2022,9.916666666666666,2.1,57.77333333333333,0.29333333333333333,3.67,96.38333333333333,13.313333333333333,30.153333333333332,16.896666666666665,30.8,225.9333333333333,2.5366666666666666,1.4100000000000001,467,5.306818181818182
KADUNA,73,106,2,181,717,177,894,1586,99,0,15,9,2,0,0,23,9,1,10,3,0,0,0,6,1,3,Q2,2022,9.356666666666667,2.0966666666666667,69.20666666666666,0.8266666666666667,41.089999999999996,94.08,17.313333333333333,24.596666666666664,21.62,24.66333333333333,219.20000000000002,2.4433333333333334,1.5966666666666667,1075,5.939226519337017
KANO,37,53,1,91,406,74,480,683,71,0,2,2,2,2,0,6,7,0,7,1,0,0,0,0,6,1,Q2,2022,9.66,2.0833333333333335,63.06666666666666,0.3466666666666667,3.643333333333334,95.91333333333334,14.0,29.3,17.89,29.373333333333335,228.13333333333333,2.243333333333333,1.09,571,6.274725274725275
KATSINA,14,12,0,26,131,22,153,197,21,0,3,0,0,1,0,0,1,0,0,0,0,0,0,0,2,0,Q2,2022,9.963333333333333,2.1266666666666665,59.093333333333334,0.27,4.276666666666666,95.56666666666666,12.87,29.810000000000002,16.1,31.136666666666667,237.36666666666667,3.3233333333333337,2.4033333333333333,179,6.884615384615385
KEBBI,10,29,0,39,138,13,151,180,33,3,0,0,0,0,0,1,2,0,0,0,0,0,0,0,0,0,Q2,2022,10.173333333333334,2.183333333333333,58.48333333333333,0.26333333333333336,3.2433333333333336,98.11333333333334,14.473333333333334,31.66,18.963333333333335,32.699999999999996,199.36666666666667,3.2433333333333336,1.7566666666666666,190,4.871794871794871
KOGI,35,83,21,139,395,81,476,1242,131,0,9,9,17,0,0,17,16,0,16,2,9,1,0,2,2,2,Q2,2022,8.090000000000002,1.843333333333333,74.08333333333333,0.7566666666666667,5.526666666666666,98.88999999999999,18.44333333333333,26.043333333333333,23.52,26.173333333333332,221.33333333333334,2.516666666666667,1.9166666666666667,615,4.424460431654676
KWARA,39,42,12,93,342,67,409,727,67,0,4,5,4,0,3,13,11,0,2,1,0,1,0,0,14,2,Q2,2022,8.686666666666666,1.9766666666666666,70.74666666666667,0.5433333333333333,3.61,97.69,17.073333333333334,27.353333333333335,22.03,28.113333333333333,215.80000000000004,2.9966666666666666,2.37,502,5.397849462365591
LAGOS,23,74,51,148,209,32,241,720,87,0,3,10,22,0,0,8,5,0,4,0,0,4,1,0,0,5,Q2,2022,7.739999999999999,1.7633333333333334,76.96333333333332,0.6466666666666666,7.090000000000001,100.78666666666668,19.099999999999998,26.873333333333335,24.41,27.19333333333333,221.5,1.8866666666666667,2.1133333333333333,389,2.6283783783783785
NASARAWA,37,191,9,237,602,65,667,1286,133,0,9,5,2,1,0,29,35,1,26,3,1,1,1,0,32,27,Q2,2022,8.556666666666667,1.9266666666666667,76.22333333333334,0.7233333333333333,10.293333333333335,98.26333333333332,18.319999999999997,26.093333333333334,23.30666666666667,26.246666666666666,222.4333333333333,2.2566666666666664,1.51,904,3.8143459915611815
NIGER,34,92,2,128,456,75,531,855,141,0,7,2,0,1,0,15,1,1,5,1,0,1,0,2,4,4,Q2,2022,8.79,1.9533333333333331,76.71666666666667,0.44333333333333336,2.85,99.52666666666666,17.476666666666667,28.633333333333336,22.71666666666667,29.3,204.66666666666666,2.64,1.6233333333333333,659,5.1484375
OGUN,54,150,35,239,595,90,685,1586,243,1,8,4,5,0,0,20,19,0,26,0,0,2,0,0,5,11,Q2,2022,7.739999999999999,1.7633333333333334,76.96333333333332,0.7600000000000001,7.723333333333334,100.03666666666668,18.88,25.893333333333334,24.096666666666664,25.973333333333333,216.16666666666666,1.6333333333333335,1.1133333333333333,924,3.8661087866108788
ONDO,25,74,15,114,244,35,279,529,90,0,5,4,3,1,0,13,21,4,14,0,0,0,0,0,0,1,Q2,2022,7.916666666666667,1.83,76.42,0.8533333333333334,7.1499999999999995,96.81333333333333,18.073333333333334,24.573333333333334,22.836666666666662,24.653333333333336,223.73333333333335,2.0766666666666667,1.32,393,3.4473684210526314
OSUN,15,56,7,78,245,20,265,588,61,0,12,3,6,1,0,11,4,3,13,0,0,0,0,0,0,2,Q2,2022,7.993333333333332,1.8366666666666667,76.03666666666668,0.87,8.610000000000001,98.16666666666667,18.453333333333333,25.096666666666664,23.406666666666666,25.11,219.20000000000002,1.6233333333333333,1.0033333333333332,343,4.397435897435898
OYO,51,107,13,171,378,64,442,1084,106,1,22,8,15,1,0,12,13,0,10,0,0,0,0,4,0,3,Q2,2022,7.996666666666667,1.83,79.53,0.7566666666666667,7.543333333333334,97.86333333333334,18.12,25.286666666666665,23.060000000000002,25.400000000000002,216.96666666666667,2.3766666666666665,1.7233333333333334,613,3.584795321637427
PLATEAU,21,37,4,62,184,39,223,627,26,0,2,9,5,1,1,10,4,0,0,2,0,0,0,1,1,13,Q2,2022,9.12,2.0966666666666667,71.48,0.7000000000000001,10.026666666666666,95.08,17.026666666666667,25.50666666666667,21.423333333333332,25.926666666666666,240.66666666666666,2.6933333333333334,1.8733333333333333,285,4.596774193548387
RIVERS,6,10,6,22,54,6,60,165,7,0,3,1,2,0,0,2,5,1,1,0,0,0,0,0,0,1,Q2,2022,7.04,1.67,82.77,0.8566666666666668,8.18,100.75666666666666,18.916666666666668,26.156666666666666,24.25,26.176666666666666,217.20000000000002,1.4000000000000001,0.84,82,3.727272727272727
SOKOTO,17,12,2,31,126,68,194,248,20,0,4,0,1,0,0,2,1,0,4,0,0,0,0,0,0,8,Q2,2022,10.25,2.1666666666666665,53.96666666666667,0.2966666666666667,5.406666666666666,97.73,14.229999999999999,31.066666666666663,18.513333333333335,32.32,203.26666666666665,3.5966666666666662,2.34,225,7.258064516129032
TARABA,7,57,2,66,162,9,171,294,25,0,3,0,0,0,0,1,24,0,13,1,0,0,0,2,17,0,Q2,2022,8.63,2.0,80.07,0.52,5.926666666666667,98.08999999999999,17.76,27.156666666666666,22.673333333333332,27.69666666666667,226.23333333333335,3.3833333333333333,2.4066666666666667,237,3.590909090909091
YOBE,18,13,0,31,192,35,227,271,27,0,6,2,0,1,0,1,0,0,0,0,0,0,0,0,6,1,Q2,2022,10.353333333333333,2.2133333333333334,52.99666666666667,0.16666666666666666,1.7466666666666668,96.57333333333334,12.563333333333333,31.36,15.670000000000002,32.806666666666665,204.5,3.563333333333334,2.2566666666666664,258,8.32258064516129
ZAMFARA,7,21,0,28,78,13,91,175,19,0,1,0,0,0,0,4,3,0,1,0,0,0,0,0,5,0,Q2,2022,10.229999999999999,2.2066666666666666,55.223333333333336,0.45333333333333337,6.18,95.02333333333333,15.299999999999999,28.0,19.563333333333333,29.083333333333332,218.66666666666666,3.4033333333333338,2.3066666666666666,119,4.25
ABIA,5,17,2,24,101,9,110,226,22,0,6,0,3,0,0,2,3,0,3,0,0,0,0,0,0,2,Q3,2022,6.8066666666666675,1.54,88.80666666666667,0.7799999999999999,8.013333333333334,100.14999999999999,17.656666666666666,25.02,23.02,25.173333333333332,233.16666666666666,2.276666666666667,1.7266666666666666,134,5.583333333333333
ADAMAWA,3,27,2,32,72,3,75,141,21,0,1,0,2,1,0,5,9,0,0,1,0,0,0,0,18,0,Q3,2022,8.123333333333333,1.8633333333333333,79.76,0.64,7.003333333333333,98.18666666666667,17.459999999999997,25.473333333333333,22.506666666666664,25.613333333333333,256.6333333333333,2.6233333333333335,1.61,107,3.34375
AKWA IBOM,8,13,1,22,55,9,64,126,20,0,2,0,0,0,0,3,1,0,0,0,0,0,0,0,0,0,Q3,2022,,,,,,,,,,,,,,86,3.909090909090909
ANAMBRA,15,20,7,42,103,20,123,301,19,0,1,1,12,1,0,4,0,1,4,0,0,1,0,0,4,3,Q3,2022,6.946666666666666,1.5966666666666667,87.58,0.7733333333333334,7.19,100.01666666666667,17.653333333333332,25.013333333333332,22.996666666666666,25.25,237.33333333333334,2.3699999999999997,1.9900000000000002,165,3.9285714285714284
BAUCHI,29,95,5,129,436,94,530,855,98,0,14,2,1,3,1,10,15,7,3,4,0,0,0,1,7,8,Q3,2022,8.593333333333334,1.9866666666666666,77.63333333333334,0.77,5.333333333333333,95.29333333333334,16.77,24.25,21.36,24.3,215.5,2.44,1.4233333333333331,659,5.108527131782946
BAYELSA,1,7,4,12,16,1,17,73,15,0,0,0,0,0,0,0,0,0,0,0,0,0,0,0,0,0,Q3,2022,6.656666666666666,1.49,83.92333333333333,0.9266666666666667,8.216666666666667,101.03333333333335,17.716666666666665,25.006666666666664,23.22,25.3,232.0666666666667,2.3233333333333337,1.6600000000000001,29,2.4166666666666665
BENUE,9,57,4,70,227,16,243,404,49,0,3,0,6,0,0,8,1,0,2,0,0,0,0,0,0,4,Q3,2022,7.1000000000000005,1.6233333333333333,84.87333333333333,0.73,6.463333333333334,99.58333333333333,17.316666666666666,25.26,22.60666666666667,25.416666666666668,233.53333333333333,2.8033333333333332,1.93,313,4.4714285714285715
BORNO,7,18,0,25,154,22,176,222,10,0,2,0,0,0,0,3,0,0,1,0,0,0,0,0,9,1,Q3,2022,8.74,1.9866666666666666,76.72666666666667,0.39666666666666667,4.426666666666667,97.41000000000001,16.38,27.323333333333334,21.313333333333333,28.02333333333333,228.4333333333333,2.9333333333333336,2.013333333333333,201,8.04
CROSS RIVER,9,14,5,28,48,17,65,140,26,0,0,1,2,0,0,4,0,1,0,0,0,0,0,0,0,0,Q3,2022,6.303333333333334,1.4766666666666666,92.2,0.8266666666666667,9.700000000000001,99.86,17.503333333333334,25.0,22.83,25.096666666666664,231.63333333333333,2.4099999999999997,1.8133333333333335,93,3.3214285714285716
DELTA,11,28,5,44,137,25,162,255,13,0,7,1,2,1,1,1,1,0,5,1,2,0,0,2,0,5,Q3,2022,6.553333333333334,1.47,77.12,0.9033333333333333,7.329999999999999,101.12,17.603333333333335,24.87,23.133333333333336,24.956666666666667,235.23333333333335,1.4433333333333334,0.45,206,4.681818181818182
EBONYI,11,37,6,54,85,17,102,313,34,0,6,1,1,0,0,6,1,0,4,0,0,0,0,0,5,9,Q3,2022,6.920000000000001,1.5966666666666667,88.14666666666666,0.7799999999999999,7.816666666666667,100.18,17.526666666666667,25.30666666666667,22.906666666666666,25.436666666666667,233.0,2.6033333333333335,1.9000000000000001,156,2.888888888888889
EDO,20,31,9,60,133,28,161,487,44,0,4,0,11,1,0,4,3,0,6,0,1,0,0,1,17,5,Q3,2022,6.626666666666666,1.5199999999999998,85.10666666666667,0.8633333333333333,7.586666666666666,100.13,17.69666666666667,24.61,23.05333333333333,24.72666666666667,236.86666666666667,1.7166666666666668,1.0233333333333334,221,3.683333333333333
EKITI,7,12,1,20,46,16,62,100,38,0,0,0,0,0,0,0,2,0,0,0,0,1,0,0,1,0,Q3,2022,6.8566666666666665,1.5833333333333333,86.80666666666667,0.9133333333333334,8.773333333333333,96.92333333333333,17.013333333333332,23.46666666666667,21.873333333333335,23.60666666666667,233.33333333333334,2.2866666666666666,1.5599999999999998,82,4.1
ENUGU,12,32,4,48,177,18,195,400,17,0,4,1,9,1,0,0,0,0,4,0,0,0,0,0,10,6,Q3,2022,6.946666666666666,1.5966666666666667,87.58,0.7333333333333334,7.496666666666667,99.46666666666665,17.41333333333333,24.906666666666666,22.683333333333334,25.043333333333333,238.26666666666665,2.6366666666666667,1.9833333333333332,243,5.0625
FCT,56,314,94,464,784,109,893,2399,369,5,11,5,26,12,7,14,31,0,33,5,0,0,0,2,156,23,Q3,2022,7.163333333333334,1.6533333333333333,82.68333333333334,0.7166666666666667,7.1433333333333335,98.20333333333333,17.323333333333334,24.91,22.38,25.00333333333333,223.4,2.69,1.4166666666666667,1357,2.9245689655172415
GOMBE,6,49,3,58,165,9,174,298,19,1,2,2,2,6,0,0,21,0,0,0,0,0,0,0,18,3,Q3,2022,8.296666666666667,1.8866666666666667,77.90666666666667,0.8433333333333333,7.890000000000001,96.79,17.393333333333334,24.656666666666666,22.213333333333335,24.709999999999997,220.70000000000002,2.4933333333333336,1.6866666666666668,232,4.0
IMO,3,12,2,17,45,4,49,145,3,0,1,0,1,0,0,0,4,0,1,0,0,0,0,0,5,4,Q3,2022,6.8066666666666675,1.54,88.80666666666667,0.84,7.406666666666666,100.5,17.766666666666666,25.126666666666665,23.176666666666666,25.33,237.1,2.0866666666666664,1.5966666666666667,66,3.8823529411764706
JIGAWA,22,124,1,147,503,46,549,842,201,0,9,0,0,9,0,7,1,1,9,7,0,0,0,1,4,3,Q3,2022,9.163333333333332,2.033333333333333,70.65666666666667,0.5166666666666667,4.333333333333333,96.57666666666667,16.44333333333333,26.353333333333335,21.243333333333336,26.496666666666666,208.23333333333335,1.8966666666666667,0.66,696,4.73469387755102
KADUNA,64,120,8,192,744,164,908,1462,119,0,9,4,2,2,1,27,19,0,8,0,0,2,0,3,0,4,Q3,2022,7.533333333333334,1.7533333333333332,83.89999999999999,0.91,10.459999999999999,94.19,16.776666666666667,23.24666666666667,21.176666666666666,23.383333333333336,214.46666666666667,2.7433333333333336,1.5566666666666666,1100,5.729166666666667
KANO,34,65,5,104,330,57,387,631,96,0,1,0,2,1,2,2,5,0,8,1,1,0,0,0,13,3,Q3,2022,8.72,1.97,73.29333333333334,0.5133333333333333,4.496666666666667,96.09666666666665,16.363333333333333,26.043333333333333,21.073333333333334,26.043333333333333,207.5,1.6866666666666668,0.3566666666666667,491,4.721153846153846
KATSINA,26,28,0,54,221,77,298,417,43,0,6,2,1,0,0,0,2,0,1,0,0,0,0,0,10,2,Q3,2022,8.793333333333333,1.9900000000000002,69.76,0.6533333333333333,9.88,95.75666666666666,17.206666666666667,25.146666666666665,21.856666666666666,25.263333333333332,230.83333333333334,2.99,1.8499999999999999,352,6.518518518518518
KEBBI,16,36,0,52,154,39,193,259,45,0,0,0,0,1,0,2,1,0,1,0,0,0,0,0,3,0,Q3,2022,8.92,1.9866666666666666,70.96666666666667,0.5966666666666667,7.086666666666667,98.32333333333334,17.62333333333333,26.45,22.666666666666668,26.506666666666664,208.70000000000002,2.1366666666666667,0.9266666666666667,245,4.711538461538462
KOGI,21,72,17,110,305,36,341,838,99,0,15,3,9,0,0,14,0,0,13,5,4,0,0,5,4,5,Q3,2022,7.283333333333334,1.6533333333333333,82.52333333333333,0.8066666666666666,5.96,99.03000000000002,17.45,24.906666666666666,22.64,25.060000000000002,230.83333333333334,2.7266666666666666,1.93,451,4.1
KWARA,17,62,1,80,267,30,297,643,96,0,5,4,2,0,2,7,2,0,0,0,0,0,0,0,1,1,Q3,2022,7.086666666666666,1.64,82.32666666666667,0.63,5.553333333333334,97.82333333333334,16.863333333333333,25.099999999999998,21.876666666666665,25.44333333333333,224.33333333333334,3.3866666666666667,2.1033333333333335,377,4.7125
LAGOS,20,74,52,146,201,57,258,699,79,0,5,14,8,0,0,8,3,0,6,0,0,3,0,0,0,18,Q3,2022,6.916666666666667,1.5566666666666666,79.0,0.73,6.84,100.93666666666667,17.523333333333337,25.083333333333332,23.023333333333337,25.356666666666666,227.16666666666666,1.8866666666666667,2.9,404,2.767123287671233
NASARAWA,36,195,10,241,626,78,704,1210,129,0,4,2,3,3,0,19,45,0,21,3,0,1,0,0,39,37,Q3,2022,7.163333333333334,1.6533333333333333,82.68333333333334,0.8033333333333333,6.216666666666666,98.40333333333335,17.41,24.74,22.493333333333336,24.80666666666667,233.5,2.5733333333333333,1.4733333333333334,945,3.921161825726141
NIGER,19,100,5,124,308,41,349,546,120,0,3,1,5,1,1,9,4,1,3,0,0,0,0,9,3,7,Q3,2022,7.146666666666666,1.6266666666666667,84.25,0.5666666666666668,5.206666666666667,99.68333333333334,17.506666666666664,26.086666666666662,22.8,26.256666666666664,225.79999999999998,2.69,1.5,473,3.814516129032258
OGUN,69,175,62,306,718,102,820,1817,313,2,28,13,17,0,0,29,7,0,34,1,0,1,0,0,6,27,Q3,2022,6.916666666666667,1.5566666666666666,79.0,0.8866666666666667,10.346666666666666,100.17666666666666,17.583333333333332,24.55666666666667,22.95,24.763333333333332,222.4,2.02,1.4566666666666668,1126,3.679738562091503
ONDO,34,99,6,139,356,59,415,1034,103,0,7,3,4,0,0,10,13,5,3,1,0,0,0,1,0,1,Q3,2022,6.8566666666666665,1.5833333333333333,86.80666666666667,0.9133333333333334,8.773333333333333,96.92333333333333,17.013333333333332,23.46666666666667,21.873333333333335,23.60666666666667,233.33333333333334,2.2866666666666666,1.5599999999999998,554,3.985611510791367
OSUN,10,80,5,95,327,30,357,823,78,0,10,3,6,1,2,5,5,0,11,0,0,0,0,0,0,1,Q3,2022,6.37,1.4766666666666666,86.82000000000001,0.9499999999999998,11.49,98.29,17.3,23.883333333333336,22.37,23.936666666666667,225.46666666666667,1.8366666666666667,1.23,452,4.757894736842105
OYO,45,115,6,166,514,84,598,1243,105,0,19,6,4,2,3,15,19,2,16,2,0,0,0,2,0,1,Q3,2022,6.533333333333334,1.5033333333333332,81.93333333333334,0.8733333333333334,10.49,97.98,17.156666666666666,23.97666666666667,22.183333333333334,24.103333333333335,220.83333333333334,2.733333333333333,2.063333333333333,764,4.602409638554217
PLATEAU,16,51,13,80,227,32,259,552,38,0,5,8,10,0,0,4,9,0,5,3,0,1,0,2,1,6,Q3,2022,7.909999999999999,1.8266666666666669,80.39999999999999,0.8333333333333334,4.823333333333333,95.21333333333332,16.646666666666665,23.326666666666668,21.213333333333335,23.386666666666667,234.46666666666667,2.8166666666666664,1.6733333333333331,339,4.2375
RIVERS,8,9,4,21,42,9,51,204,8,0,1,0,8,0,0,3,3,0,2,0,0,0,0,0,0,0,Q3,2022,6.486666666666667,1.4666666666666668,87.27,0.92,9.659999999999998,100.91000000000001,17.796666666666667,25.05666666666667,23.27333333333333,25.13,229.73333333333335,1.78,1.0666666666666667,72,3.4285714285714284
SOKOTO,24,23,1,48,146,38,184,256,31,0,3,1,1,0,0,6,15,0,1,0,1,0,0,2,0,4,Q3,2022,9.263333333333334,2.07,71.02333333333333,0.6,6.963333333333334,97.94,17.72,26.25,22.69666666666667,26.356666666666666,211.03333333333333,2.7133333333333334,1.5200000000000002,232,4.833333333333333
TARABA,5,75,1,81,217,8,225,435,18,0,1,0,0,4,1,4,27,3,7,0,0,0,0,0,21,6,Q3,2022,7.12,1.68,86.26666666666667,0.67,6.59,98.26666666666667,17.566666666666666,24.709999999999997,22.623333333333335,24.813333333333333,231.9,3.27,1.9066666666666665,306,3.7777777777777777
YOBE,17,27,4,48,191,60,251,365,26,0,1,0,1,0,0,2,2,0,2,0,0,0,0,0,1,21,Q3,2022,9.113333333333333,2.033333333333333,74.60000000000001,0.49333333333333335,5.97,96.79,16.633333333333336,26.323333333333334,21.47666666666667,26.616666666666664,214.46666666666667,2.2933333333333334,1.29,299,6.229166666666667
ZAMFARA,5,24,0,29,77,12,89,157,22,0,1,1,1,0,0,6,2,0,0,0,0,0,0,0,0,1,Q3,2022,8.65,1.95,68.43333333333334,0.62,5.1433333333333335,95.17666666666666,16.793333333333333,24.72666666666667,21.366666666666664,25.016666666666666,206.5666666666667,2.9233333333333333,1.7366666666666666,118,4.068965517241379
ABIA,7,13,13,33,89,7,96,209,12,0,6,1,7,0,0,0,1,0,0,0,0,0,0,0,0,8,Q4,2022,8.08,1.64,65.24666666666667,0.7966666666666667,2.456666666666667,99.99666666666667,16.823333333333334,25.576666666666668,22.073333333333334,25.346666666666664,183.20000000000002,2.2466666666666666,1.1466666666666667,129,3.909090909090909
ADAMAWA,7,27,0,34,117,17,134,213,22,1,2,0,0,0,0,0,2,0,0,1,0,0,0,0,0,6,Q4,2022,9.823333333333332,1.9433333333333334,31.400000000000002,0.48,0.45999999999999996,98.15666666666668,11.12,25.683333333333334,14.263333333333334,25.606666666666666,62.166666666666664,3.3000000000000003,1.7566666666666666,168,4.9411764705882355
AKWA IBOM,7,14,2,23,75,15,90,164,16,0,2,0,1,0,0,0,3,0,0,0,0,0,0,0,0,1,Q4,2022,,,,,,,,,,,,,,113,4.913043478260869
ANAMBRA,10,20,10,40,121,14,135,344,21,1,2,5,12,0,0,0,0,0,0,0,0,0,0,0,2,5,Q4,2022,8.583333333333334,1.7333333333333334,56.44,0.7766666666666667,2.263333333333333,99.87,16.286666666666665,25.513333333333332,21.453333333333333,25.253333333333334,203.26666666666665,2.456666666666667,1.3,175,4.375
BAUCHI,42,79,1,122,523,93,616,888,72,0,4,2,2,1,2,9,11,5,2,2,0,0,0,1,6,42,Q4,2022,9.586666666666666,1.9133333333333333,30.046666666666667,0.5966666666666667,0.7633333333333333,95.35000000000001,10.286666666666667,22.0,12.799999999999999,21.53,55.800000000000004,3.796666666666667,2.0366666666666666,738,6.049180327868853
BAYELSA,1,5,2,8,17,1,18,27,4,0,1,0,0,0,0,0,0,0,0,0,0,0,0,0,0,4,Q4,2022,7.546666666666667,1.5533333333333335,68.71666666666667,0.8933333333333334,3.893333333333333,100.86333333333334,17.849999999999998,26.136666666666667,23.22666666666667,26.213333333333335,266.53333333333336,1.75,1.0966666666666667,26,3.25
BENUE,20,49,4,73,225,24,249,395,52,0,7,1,3,0,0,0,0,0,4,1,0,1,0,0,0,8,Q4,2022,9.116666666666667,1.82,45.586666666666666,0.6066666666666666,0.8666666666666667,99.46666666666665,13.656666666666666,25.72,18.21666666666667,25.973333333333333,105.33333333333333,3.52,1.8066666666666666,322,4.410958904109589
BORNO,10,28,1,39,207,66,273,375,5,0,3,3,0,0,0,0,3,0,0,0,0,0,0,0,25,8,Q4,2022,9.616666666666667,1.89,29.746666666666666,0.23666666666666666,0.02666666666666667,97.54,7.483333333333334,25.30666666666667,7.746666666666666,26.099999999999998,41.333333333333336,3.6533333333333338,2.74,312,8.0
CROSS RIVER,12,21,6,39,81,21,102,257,27,0,0,1,6,0,0,2,1,0,1,0,0,0,0,0,0,13,Q4,2022,8.353333333333333,1.7366666666666666,65.60666666666667,0.8333333333333334,1.8333333333333333,99.70333333333333,16.55333333333333,25.676666666666666,21.793333333333333,25.53,186.79999999999998,2.1933333333333334,1.1600000000000001,141,3.6153846153846154
DELTA,17,25,6,48,174,30,204,306,27,0,4,0,5,2,0,0,0,2,6,0,1,0,0,0,2,7,Q4,2022,7.876666666666668,1.5833333333333333,58.20000000000001,0.88,3.5533333333333332,100.95333333333333,17.903333333333332,25.846666666666664,23.25,25.776666666666667,268.73333333333335,1.0233333333333334,0.34,252,5.25
EBONYI,9,39,7,55,118,19,137,368,16,0,11,2,1,0,0,1,0,0,1,0,0,0,0,0,4,25,Q4,2022,8.846666666666666,1.8,54.23666666666666,0.6633333333333333,1.0433333333333332,100.03666666666668,14.713333333333333,25.91,19.646666666666665,25.97666666666667,104.53333333333335,2.953333333333333,1.5566666666666666,192,3.4909090909090907
EDO,15,34,14,63,142,23,165,487,10,0,5,5,18,2,0,1,0,2,2,0,0,1,0,0,25,27,Q4,2022,8.286666666666667,1.6633333333333333,58.666666666666664,0.8300000000000001,2.67,99.98666666666666,16.93,25.313333333333333,22.11,25.03333333333333,182.76666666666668,1.4133333333333333,0.7166666666666667,228,3.619047619047619
EKITI,8,10,1,19,40,9,49,101,11,0,1,2,0,1,0,0,1,0,0,0,0,0,0,0,0,14,Q4,2022,8.526666666666666,1.7,53.80666666666667,0.8533333333333334,3.643333333333333,96.82333333333334,15.503333333333336,24.016666666666666,20.13,23.643333333333334,152.0,1.8733333333333333,1.0366666666666666,68,3.5789473684210527
ENUGU,12,41,3,56,157,19,176,481,33,0,2,2,17,1,0,0,1,0,3,0,0,1,0,0,2,11,Q4,2022,8.583333333333334,1.7333333333333334,56.44,0.6666666666666666,1.63,99.33,14.786666666666667,25.30666666666667,19.650000000000002,25.05333333333333,104.0,2.75,1.46,232,4.142857142857143
FCT,79,345,58,482,791,127,918,2103,120,5,18,9,17,5,5,5,41,0,36,3,3,0,0,158,195,244,Q4,2022,9.299999999999999,1.8533333333333333,40.81666666666667,0.63,1.6866666666666665,98.12666666666667,12.723333333333334,24.74333333333333,16.903333333333332,24.41333333333333,92.7,2.8800000000000003,1.53,1400,2.904564315352697
GOMBE,27,84,4,115,363,47,410,656,33,0,3,7,1,3,0,0,18,0,2,0,0,0,0,0,19,50,Q4,2022,9.666666666666666,1.8966666666666665,30.666666666666668,0.65,0.35333333333333333,96.82333333333334,10.613333333333333,23.063333333333333,13.363333333333335,22.459999999999997,55.199999999999996,3.6166666666666667,2.0933333333333333,525,4.565217391304348