STATE,FATAL,SERIOUS,MINOR,TOTAL CASES,NUMBER INJURED,NUMBER KILLED,TOTAL CASUALTY,PEOPLE INVOLVED,SPV,UPD,TBT,MDV,BFL,OVL,DOT,WOT,DGD,BRD,RTV,OBS,SOS,DAD,PWR,FTQ,SLV,OTHERS,QUARTER,YEAR,All Sky Surface Total PAR (MJ/m^2/day),All Sky Surface UV Index (W m-2 x 40),deg Cloud Amount (%),Surface Soil Wetness (1),Precipitation Corrected (mm/day),Surface Pressure (kPa),Specific Humidity at 2 Meters (g/kg),Temperature at 2 Meters (C),Dew/Frost Point at 2 Meters (C),Earth Skin Temperature (C),Wind Direction at 2 Meters (Degrees),Wind Speed at 10 Meters Range (m/s),Wind Speed at 2 Meters (m/s),CAUSE_SUM,CAUSE_RATE
IMO,9,21,1,31,97,21,118,235,6,0,1,0,3,0,0,0,7,0,0,0,0,0,0,0,3,6,Q4,2022,8.08,1.64,65.24666666666667,0.8300000000000001,2.6933333333333334,100.33999999999999,17.040000000000003,25.883333333333336,22.326666666666668,25.706666666666667,183.4666666666667,2.1199999999999997,1.08,149,4.806451612903226
JIGAWA,44,134,1,179,624,44,668,1043,128,1,7,1,0,13,2,5,5,0,6,11,0,0,0,1,3,128,Q4,2022,9.286666666666667,1.7833333333333332,23.656666666666666,0.2966666666666667,0.13,96.71666666666665,7.873333333333332,23.313333333333333,8.413333333333334,23.46666666666667,51.699999999999996,2.686666666666667,1.0966666666666667,847,4.731843575418995
KADUNA,69,132,4,205,810,142,952,1728,133,0,13,4,3,0,1,4,10,0,15,1,0,0,0,10,0,9,Q4,2022,9.353333333333333,1.8866666666666667,33.696666666666665,0.7399999999999999,0.77,94.19333333333333,10.979999999999999,20.86,13.796666666666667,20.356666666666666,66.8,3.8266666666666667,2.62,1157,5.64390243902439
KANO,51,69,0,120,411,94,505,781,66,0,6,0,0,4,0,6,11,0,6,0,0,0,0,0,5,43,Q4,2022,9.26,1.8066666666666666,28.099999999999998,0.3566666666666667,0.18000000000000002,96.22666666666667,8.286666666666667,22.36,9.31,22.236666666666665,53.26666666666667,2.3666666666666667,0.7033333333333333,625,5.208333333333333
KATSINA,14,22,0,36,169,32,201,278,21,0,3,0,0,1,0,2,3,0,2,0,0,0,0,0,4,8,Q4,2022,9.236666666666666,1.8066666666666666,21.756666666666664,0.49666666666666676,0.21,95.89999999999999,9.153333333333334,21.003333333333334,10.646666666666667,20.41333333333333,80.43333333333334,3.973333333333333,2.5633333333333335,237,6.583333333333333
KEBBI,16,28,0,44,186,43,229,391,13,0,0,0,0,1,0,0,1,0,0,0,0,0,0,0,0,30,Q4,2022,9.216666666666667,1.7733333333333334,22.02,0.44333333333333336,0.36000000000000004,98.42333333333333,10.286666666666667,23.28333333333333,12.986666666666666,23.206666666666667,76.73333333333333,2.6833333333333336,1.4033333333333333,273,6.204545454545454
KOGI,40,88,10,138,413,81,494,1287,82,1,6,5,16,2,0,0,8,0,13,7,0,0,0,0,6,35,Q4,2022,8.723333333333334,1.7233333333333334,48.85333333333333,0.7733333333333333,1.9966666666666668,98.93,14.49,24.816666666666666,19.323333333333334,24.34,97.10000000000001,2.5566666666666666,1.3366666666666667,632,4.579710144927536
KWARA,24,64,3,91,252,54,306,632,49,1,12,7,6,0,1,0,5,1,4,1,0,0,0,0,3,52,Q4,2022,8.736666666666666,1.7300000000000002,44.5,0.59,1.5766666666666664,97.76666666666667,13.056666666666667,25.063333333333333,17.276666666666667,25.150000000000002,72.46666666666667,2.5766666666666667,1.4433333333333334,397,4.362637362637362
LAGOS,37,80,50,167,268,42,310,808,92,0,6,11,25,0,0,0,6,0,3,0,0,0,0,0,0,12,Q4,2022,8.38,1.6866666666666665,55.49666666666667,0.7399999999999999,3.0533333333333332,100.78333333333335,18.05,26.423333333333332,23.400000000000002,26.686666666666667,234.96666666666667,1.8733333333333333,1.7166666666666668,477,2.856287425149701
NASARAWA,34,189,11,234,580,57,637,1216,105,1,10,29,10,1,0,0,27,0,11,5,0,0,0,0,42,47,Q4,2022,9.299999999999999,1.8533333333333333,40.81666666666667,0.7399999999999999,1.4433333333333334,98.32333333333332,13.343333333333334,24.349999999999998,17.80333333333333,23.78,90.83333333333333,2.56,1.4466666666666665,871,3.7222222222222223
NIGER,44,97,4,145,553,96,649,1075,90,0,4,2,10,1,0,1,6,1,5,0,0,2,0,7,1,65,Q4,2022,9.0,1.76,39.1,0.47333333333333333,1.7966666666666666,99.61333333333334,12.839999999999998,26.19333333333333,17.209999999999997,26.46666666666667,92.66666666666667,2.4233333333333333,1.29,794,5.475862068965517
OGUN,56,192,53,301,663,77,740,1737,183,0,19,10,9,0,0,0,15,0,33,0,0,1,0,0,6,202,Q4,2022,8.38,1.6866666666666665,55.49666666666667,0.8700000000000001,3.556666666666667,100.03666666666668,17.493333333333336,25.433333333333334,22.73,25.39333333333333,162.3,1.5066666666666666,0.8633333333333333,1041,3.4584717607973423
ONDO,23,78,8,109,247,33,280,593,81,0,4,2,3,1,0,0,16,6,1,2,0,0,0,1,0,16,Q4,2022,8.526666666666666,1.7,53.80666666666667,0.8533333333333334,3.643333333333333,96.82333333333334,15.503333333333336,24.016666666666666,20.13,23.643333333333334,152.0,1.8733333333333333,1.0366666666666666,389,3.5688073394495414
OSUN,19,73,9,101,319,39,358,795,64,0,14,5,6,2,0,0,3,4,16,1,0,0,2,0,0,9,Q4,2022,8.283333333333333,1.6633333333333333,57.03666666666667,0.89,4.266666666666667,98.17333333333333,16.349999999999998,24.560000000000002,21.24,24.286666666666665,156.4,1.4633333333333332,0.7533333333333333,459,4.544554455445544
OYO,53,108,4,165,423,84,507,984,115,1,8,7,4,1,0,0,25,2,17,2,1,0,0,2,0,24,Q4,2022,8.313333333333333,1.6566666666666665,52.31666666666666,0.85,3.3033333333333332,97.88,15.339999999999998,24.483333333333334,20.13,24.13,98.13333333333333,2.216666666666667,1.2266666666666666,672,4.072727272727272
PLATEAU,18,56,10,84,254,29,283,522,27,0,2,20,2,0,0,2,4,0,0,2,0,0,0,0,0,25,Q4,2022,9.636666666666667,1.9433333333333334,33.79,0.5800000000000001,1.16,95.16666666666667,10.47,23.756666666666664,12.616666666666665,23.623333333333335,44.199999999999996,3.5533333333333332,2.766666666666667,367,4.369047619047619
RIVERS,7,10,9,26,43,16,59,156,6,0,2,1,4,0,0,1,4,1,3,0,0,0,0,0,0,7,Q4,2022,7.493333333333332,1.5666666666666667,71.64666666666666,0.8833333333333333,3.8333333333333335,100.74333333333334,17.713333333333335,26.063333333333333,23.080000000000002,25.896666666666665,274.93333333333334,1.5,0.7466666666666667,85,3.269230769230769
SOKOTO,18,19,0,37,148,26,174,259,19,0,0,0,2,1,0,1,6,0,3,0,0,2,0,0,0,16,Q4,2022,9.293333333333333,1.7833333333333332,19.25,0.4533333333333333,0.22,98.06333333333333,9.973333333333333,22.473333333333333,12.356666666666664,22.05,84.73333333333333,3.626666666666667,2.2033333333333336,211,5.702702702702703
TARABA,4,64,0,68,192,8,200,361,4,0,2,1,1,1,0,0,25,0,4,0,0,0,0,0,34,11,Q4,2022,9.646666666666667,1.95,36.580000000000005,0.5299999999999999,0.8133333333333334,98.21666666666665,12.033333333333333,24.573333333333334,15.76,24.150000000000002,58.9,3.503333333333334,1.9533333333333334,268,3.9411764705882355
YOBE,21,34,2,57,237,35,272,423,25,3,6,6,1,2,0,0,1,2,1,0,1,0,0,0,2,18,Q4,2022,9.540000000000001,1.8399999999999999,24.413333333333338,0.2733333333333334,0.08333333333333333,96.93333333333334,7.996666666666666,23.573333333333334,8.623333333333333,23.939999999999998,45.86666666666667,3.1833333333333336,1.9800000000000002,329,5.771929824561403
ZAMFARA,11,19,0,30,103,23,126,174,13,1,2,0,0,1,1,2,0,0,3,0,0,0,0,0,1,11,Q4,2022,9.27,1.8033333333333335,20.94,0.41333333333333333,0.16,95.24333333333334,8.706666666666665,22.61,9.86,22.77,79.13333333333334,4.516666666666667,2.89,156,5.2
ABIA,7,5,0,12,45,16,61,81,7,0,3,0,0,1,0,0,2,0,0,0,0,0,0,0,1,0,Q1,2023,8.35,1.6466666666666667,52.32,0.66,1.4733333333333334,99.93666666666667,16.633333333333336,25.863333333333333,21.8,25.78,257.40000000000003,2.3466666666666667,1.3766666666666667,73,6.083333333333333
ADAMAWA,13,40,0,53,152,20,172,272,35,0,0,1,0,1,0,4,5,0,1,0,0,0,0,0,7,2,Q1,2023,9.756666666666666,2.0066666666666664,36.053333333333335,0.24333333333333332,0.08333333333333333,98.01666666666667,6.176666666666667,28.94333333333333,5.206666666666667,30.206666666666667,129.96666666666667,3.143333333333333,2.5066666666666664,225,4.245283018867925
AKWA IBOM,3,6,0,9,16,3,19,32,4,0,1,0,0,0,0,1,2,0,1,0,0,0,0,0,1,1,Q1,2023,,,,,,,,,,,,,,28,3.111111111111111
ANAMBRA,4,8,3,15,76,3,79,161,8,0,0,3,1,0,0,2,0,0,2,0,0,0,0,0,1,2,Q1,2023,8.773333333333333,1.7566666666666666,46.086666666666666,0.6466666666666666,1.51,99.81,16.106666666666666,25.756666666666664,21.12,25.55666666666667,300.56666666666666,2.813333333333333,1.6333333333333335,94,6.266666666666667
BAUCHI,43,56,11,110,473,139,612,826,79,0,12,3,2,2,1,24,5,2,4,4,0,0,0,0,7,10,Q1,2023,9.42,1.9433333333333334,31.843333333333334,0.41333333333333333,1.3566666666666667,95.26666666666667,7.053333333333334,23.666666666666668,7.083333333333333,23.689999999999998,43.1,3.8699999999999997,2.5633333333333335,722,6.5636363636363635
BAYELSA,2,2,2,6,11,1,12,28,8,0,1,0,0,1,0,0,0,0,0,0,0,0,0,0,0,0,Q1,2023,8.103333333333333,1.5999999999999999,57.583333333333336,0.79,2.893333333333333,100.81,17.663333333333334,26.310000000000002,22.973333333333333,26.256666666666664,256.8333333333333,1.8733333333333333,1.3266666666666669,18,3.0
BENUE,3,27,7,37,84,4,88,226,19,0,1,2,1,0,0,3,1,0,4,1,0,0,0,0,0,5,Q1,2023,9.136666666666667,1.8333333333333333,41.18333333333334,0.45999999999999996,0.5733333333333334,99.38666666666666,12.323333333333332,27.426666666666666,16.206666666666667,28.366666666666664,103.7,4.246666666666667,2.296666666666667,125,3.3783783783783785
BORNO,6,17,3,26,76,9,85,115,6,0,7,1,0,0,0,0,2,0,0,0,0,0,0,0,9,1,Q1,2023,9.763333333333334,2.0533333333333332,41.73,0.10333333333333333,0.013333333333333334,97.45333333333333,3.7600000000000002,26.929999999999996,-0.9566666666666666,28.183333333333337,34.96666666666667,3.9466666666666668,3.3800000000000003,111,4.269230769230769
CROSS RIVER,5,7,0,12,35,7,42,76,12,0,0,0,2,0,0,0,0,0,1,0,0,0,0,0,0,0,Q1,2023,8.506666666666668,1.7299999999999998,53.74,0.66,0.73,99.63333333333333,16.25,26.929999999999996,21.403333333333332,27.25,226.03333333333333,2.5766666666666667,1.4133333333333333,54,4.5
DELTA,12,7,3,22,87,34,121,174,15,0,7,0,0,1,0,2,0,0,0,0,2,0,0,0,7,0,Q1,2023,8.126666666666667,1.5933333333333335,47.330000000000005,0.7600000000000001,2.7100000000000004,100.89666666666666,17.753333333333334,26.083333333333332,23.043333333333333,25.95,260.59999999999997,1.0933333333333335,0.4033333333333333,143,6.5
EBONYI,9,30,10,49,131,14,145,366,28,0,2,2,0,1,0,2,1,0,0,0,0,1,0,0,0,16,Q1,2023,9.003333333333332,1.8099999999999998,46.73333333333333,0.49333333333333335,0.4166666666666667,99.95666666666666,13.596666666666666,27.84,17.983333333333334,28.73333333333333,98.83333333333333,3.686666666666667,2.0233333333333334,194,3.9591836734693877
EDO,14,37,4,55,183,41,224,426,25,0,6,11,9,2,0,4,3,0,0,0,0,0,0,0,33,1,Q1,2023,8.313333333333333,1.6566666666666665,50.45333333333334,0.7000000000000001,2.0633333333333335,99.93,16.55666666666667,25.423333333333332,21.573333333333334,25.099999999999998,177.9,1.5733333333333333,0.88,279,5.072727272727272
EKITI,1,14,7,22,48,2,50,120,39,0,1,2,4,0,0,0,1,0,1,0,0,1,0,0,1,0,Q1,2023,8.433333333333334,1.7,45.836666666666666,0.7266666666666666,3.4233333333333333,96.76333333333332,15.199999999999998,24.49,19.64,24.176666666666666,157.9,2.1166666666666667,1.27,72,3.272727272727273
ENUGU,10,23,4,37,99,21,120,237,28,0,0,0,7,0,0,1,3,0,2,0,0,0,0,0,4,3,Q1,2023,8.773333333333333,1.7566666666666666,46.086666666666666,0.5566666666666666,0.7066666666666667,99.26333333333334,14.290000000000001,26.286666666666665,18.80666666666667,26.416666666666668,94.5,3.3633333333333333,1.9233333333333331,157,4.243243243243243
FCT,71,245,66,382,667,100,767,1663,300,0,21,6,11,2,3,3,33,5,27,5,0,0,2,6,179,13,Q1,2023,9.273333333333333,1.8966666666666667,38.376666666666665,0.4666666666666666,0.25,98.02999999999999,11.299999999999999,26.703333333333333,14.693333333333333,27.106666666666666,116.56666666666666,3.41,1.78,1149,3.007853403141361
GOMBE,12,48,1,61,240,26,266,394,47,2,0,1,0,0,0,0,14,0,4,0,0,0,0,0,18,1,Q1,2023,9.603333333333333,1.9566666666666668,34.93333333333333,0.31333333333333335,0.25333333333333335,96.71666666666665,5.97,26.25,4.483333333333333,26.813333333333333,30.066666666666663,3.8366666666666664,3.0500000000000003,327,5.360655737704918
IMO,9,8,1,18,58,11,69,123,8,0,0,0,2,0,0,2,0,1,0,0,0,0,0,0,0,1,Q1,2023,8.35,1.6466666666666667,52.32,0.6933333333333334,2.0233333333333334,100.28333333333335,16.726666666666667,25.97666666666667,21.906666666666666,25.819999999999997,275.3333333333333,2.3266666666666667,1.3166666666666667,87,4.833333333333333
JIGAWA,23,105,1,129,400,26,426,717,185,0,6,0,0,3,0,7,6,0,5,0,0,0,0,0,0,14,Q1,2023,9.233333333333333,1.8533333333333333,35.333333333333336,0.16,0.0,96.63333333333333,4.04,24.900000000000002,-0.20666666666666667,25.19666666666667,53.36666666666667,2.8966666666666665,1.5599999999999998,555,4.3023255813953485
KADUNA,65,129,9,203,782,139,921,1730,109,0,11,3,0,0,1,17,26,3,16,0,0,0,0,8,0,1,Q1,2023,9.290000000000001,1.92,31.083333333333332,0.5033333333333333,3.65,94.11,8.156666666666666,23.166666666666668,8.89,22.996666666666666,69.6,4.13,3.046666666666667,1124,5.536945812807882
KANO,23,39,4,66,309,69,378,587,53,0,5,1,0,1,0,3,6,0,1,1,0,0,0,0,5,2,Q1,2023,9.273333333333333,1.8866666666666667,31.276666666666667,0.21,0.0033333333333333335,96.14666666666666,4.580000000000001,24.036666666666665,1.3833333333333335,24.006666666666664,56.96666666666667,2.67,1.1866666666666668,444,6.7272727272727275
KATSINA,13,10,0,23,143,29,172,206,18,0,1,0,0,1,0,1,1,0,1,0,0,0,0,0,2,0,Q1,2023,9.0,1.8033333333333335,30.603333333333335,0.14,0.0033333333333333335,95.80333333333334,4.19,24.55,0.06999999999999997,25.16,78.36666666666666,4.68,3.2399999999999998,195,8.478260869565217
KEBBI,9,18,0,27,128,62,190,252,25,0,0,0,0,1,0,1,2,0,0,0,0,0,0,0,1,1,Q1,2023,9.28,1.8699999999999999,30.296666666666667,0.16333333333333333,0.016666666666666666,98.29333333333334,5.53,26.616666666666664,3.8200000000000003,27.02,84.53333333333333,3.2466666666666666,1.9066666666666665,217,8.037037037037036
KOGI,30,61,6,97,313,64,377,718,73,1,12,7,9,0,0,13,2,0,8,0,1,0,0,1,0,4,Q1,2023,8.65,1.7266666666666666,43.36000000000001,0.61,1.6533333333333333,98.85333333333334,14.006666666666668,25.713333333333335,18.506666666666664,25.563333333333333,117.23333333333333,3.2266666666666666,1.8499999999999999,474,4.88659793814433
KWARA,28,60,3,91,328,54,382,663,88,0,11,8,5,0,0,16,1,0,3,1,0,1,0,0,2,3,Q1,2023,8.786666666666667,1.7733333333333334,41.02333333333333,0.4033333333333333,0.6900000000000001,97.67333333333333,11.57,27.42,14.976666666666667,28.59,108.93333333333334,3.3866666666666667,2.03,473,5.197802197802198
LAGOS,18,60,35,113,230,40,270,613,66,0,3,8,12,0,0,9,1,0,4,0,0,0,0,1,0,9,Q1,2023,8.67,1.7133333333333332,45.75,0.6,1.3366666666666667,100.71666666666665,18.313333333333333,27.12,23.606666666666666,27.24,226.79999999999998,1.8966666666666665,2.0433333333333334,383,3.3893805309734515
NASARAWA,18,118,7,143,315,23,338,565,73,0,4,5,4,4,0,19,16,0,9,1,0,0,0,0,34,14,Q1,2023,9.273333333333333,1.8966666666666667,38.376666666666665,0.5466666666666667,0.6566666666666667,98.22666666666667,12.26,25.909999999999997,16.053333333333335,25.94666666666667,131.9,2.9299999999999997,1.8066666666666666,481,3.3636363636363638
NIGER,34,83,6,123,407,94,501,895,103,0,5,1,7,3,2,13,6,0,2,1,0,0,1,3,4,10,Q1,2023,8.93,1.7766666666666666,40.43666666666667,0.3033333333333333,0.26333333333333336,99.50666666666666,10.943333333333333,28.49,14.469999999999999,29.83,115.89999999999999,3.06,1.6733333333333331,624,5.073170731707317
OGUN,60,175,34,269,707,113,820,1742,320,0,14,14,16,3,0,18,4,0,20,5,4,1,0,6,7,25,Q1,2023,8.67,1.7133333333333332,45.75,0.7133333333333333,1.43,99.97666666666667,17.47,25.936666666666667,22.653333333333332,25.89,214.23333333333335,1.82,1.1033333333333333,1089,4.048327137546468
ONDO,23,71,5,99,239,43,282,618,70,1,12,0,4,0,0,1,12,1,6,1,1,0,0,1,0,2,Q1,2023,8.433333333333334,1.7,45.836666666666666,0.7266666666666666,3.4233333333333333,96.76333333333332,15.199999999999998,24.49,19.64,24.176666666666666,157.9,2.1166666666666667,1.27,381,3.8484848484848486
OSUN,10,54,5,69,255,13,268,559,53,0,11,2,0,0,4,2,1,0,8,0,0,0,0,0,0,2,Q1,2023,8.456666666666665,1.68,47.31,0.7433333333333333,2.6833333333333336,98.11000000000001,16.02,25.080000000000002,20.793333333333333,24.909999999999997,163.86666666666665,1.7033333333333334,0.9566666666666667,337,4.884057971014493
OYO,32,69,5,106,247,53,300,591,84,0,8,5,9,2,3,6,12,2,3,0,0,0,0,1,0,1,Q1,2023,8.443333333333333,1.6733333333333331,46.71666666666667,0.65,1.29,97.81666666666666,15.176666666666668,25.263333333333335,19.816666666666666,25.256666666666664,148.63333333333333,2.6799999999999997,1.6900000000000002,406,3.830188679245283
PLATEAU,23,70,7,100,420,55,475,824,42,0,1,18,11,2,1,13,18,0,0,3,0,0,0,0,2,9,Q1,2023,9.316666666666666,1.9266666666666667,35.03666666666667,0.21,0.13,95.07666666666667,6.890000000000001,27.320000000000004,5.633333333333333,28.586666666666662,102.10000000000001,4.13,3.6966666666666668,575,5.75
RIVERS,5,8,5,18,37,9,46,80,16,0,0,0,1,0,0,0,1,0,2,0,0,1,0,0,0,0,Q1,2023,8.049999999999999,1.6166666666666665,58.66,0.7533333333333333,2.8066666666666666,100.68666666666667,17.436666666666667,26.143333333333334,22.736666666666668,26.013333333333335,256.40000000000003,1.6966666666666665,0.9066666666666666,64,3.5555555555555554
SOKOTO,9,9,0,18,69,40,109,148,14,0,1,0,0,0,0,0,3,0,0,0,0,0,0,0,2,3,Q1,2023,9.456666666666667,1.9166666666666667,27.05666666666667,0.19333333333333333,0.0033333333333333335,97.94333333333333,5.04,25.849999999999998,2.5733333333333337,26.186666666666667,84.96666666666667,4.406666666666667,2.74,127,7.055555555555555
TARABA,8,47,0,55,201,24,225,397,9,0,3,0,0,0,0,3,14,0,3,1,0,0,0,0,21,2,Q1,2023,9.536666666666667,1.9766666666666666,42.19,0.31666666666666665,0.06666666666666667,98.10666666666667,8.076666666666666,27.41,9.200000000000001,28.08666666666667,115.16666666666667,4.109999999999999,2.5566666666666666,280,5.090909090909091
YOBE,14,23,1,38,215,26,241,338,36,0,6,5,0,1,0,3,1,0,2,0,1,0,0,0,0,2,Q1,2023,9.67,1.9833333333333334,35.169999999999995,0.07666666666666667,0.0,96.84666666666665,3.856666666666666,25.55,-0.6933333333333334,26.37,42.833333333333336,3.686666666666667,2.6033333333333335,279,7.342105263157895
ZAMFARA,8,12,0,20,113,14,127,189,14,0,0,0,0,3,0,4,0,0,1,0,0,0,0,0,2,0,Q1,2023,9.293333333333333,1.8866666666666667,27.409999999999997,0.23666666666666666,0.01,95.15333333333335,4.993333333333333,25.03,2.04,25.810000000000002,83.83333333333333,4.996666666666666,3.34,147,7.35
ABIA,3,6,3,12,22,3,25,78,2,0,5,1,0,0,0,0,0,0,0,0,0,0,0,0,0,3,Q2,2023,7.763333333333333,1.7366666666666666,82.16000000000001,0.6766666666666667,5.34,100.01333333333332,18.983333333333334,26.376666666666665,24.186666666666667,26.453333333333333,225.9333333333333,2.02,1.4833333333333334,37,3.0833333333333335
ADAMAWA,5,51,1,57,175,5,180,301,39,0,0,0,1,1,0,11,3,0,2,0,0,0,0,0,4,0,Q2,2023,9.64,2.1033333333333335,72.84333333333333,0.33,1.9466666666666665,97.96333333333332,14.786666666666667,31.296666666666667,19.373333333333335,32.88,263.7,3.51,2.126666666666667,237,4.157894736842105
AKWA IBOM,5,10,2,17,32,6,38,75,12,0,0,0,2,0,0,1,3,0,0,0,0,0,0,0,0,1,Q2,2023,,,,,,,,,,,,,,55,3.235294117647059
ANAMBRA,10,11,13,34,60,12,72,273,11,0,1,1,8,1,0,7,0,0,0,0,0,0,0,1,4,0,Q2,2023,8.076666666666666,1.7933333333333332,80.17999999999999,0.6633333333333333,5.5633333333333335,99.88333333333333,19.026666666666667,26.463333333333335,24.19666666666667,26.61,229.5666666666667,2.1666666666666665,1.6900000000000002,106,3.1176470588235294
BAUCHI,33,66,1,100,399,84,483,656,80,0,21,8,0,1,0,8,4,0,2,2,0,0,0,0,3,4,Q2,2023,9.32,2.0466666666666664,71.21666666666665,0.47000000000000003,3.22,95.13333333333333,14.453333333333333,28.33666666666667,18.293333333333333,29.133333333333336,209.16666666666666,3.106666666666667,2.033333333333333,583,5.83
BAYELSA,2,5,0,7,30,8,38,53,3,0,2,0,0,1,0,3,0,0,0,0,0,0,0,0,0,0,Q2,2023,7.38,1.6500000000000001,80.39333333333333,0.85,6.96,100.88999999999999,19.396666666666665,26.573333333333334,24.683333333333334,26.73,223.46666666666667,1.7966666666666666,1.3399999999999999,45,6.428571428571429
BENUE,19,38,0,57,156,29,185,302,47,0,2,0,0,0,0,6,0,0,1,0,0,0,0,0,0,1,Q2,2023,8.476666666666667,1.8833333333333335,81.17999999999999,0.5499999999999999,2.4733333333333336,99.43333333333334,17.63,28.163333333333338,22.84,28.939999999999998,226.79999999999998,2.7900000000000005,2.0933333333333333,242,4.245614035087719
BORNO,9,43,2,54,164,13,177,315,20,0,10,2,0,0,0,5,3,0,1,0,0,0,0,0,13,1,Q2,2023,9.793333333333335,2.1199999999999997,72.46,0.14,0.82,97.18666666666667,10.853333333333333,33.29666666666667,12.986666666666665,35.43333333333334,144.0666666666667,4.086666666666667,2.643333333333333,231,4.277777777777778
CROSS RIVER,9,15,3,27,85,22,107,206,25,0,2,0,0,0,0,5,0,0,0,0,0,0,0,0,0,0,Q2,2023,7.62,1.7633333333333334,85.47333333333334,0.6933333333333334,4.3566666666666665,99.70666666666666,18.683333333333334,26.816666666666666,23.866666666666664,27.043333333333333,223.46666666666667,2.24,1.6133333333333333,134,4.962962962962963
DELTA,9,13,6,28,84,17,101,224,14,1,6,0,6,0,0,4,1,0,0,0,2,1,0,0,5,0,Q2,2023,7.533333333333334,1.6833333333333333,78.68666666666667,0.8033333333333333,6.723333333333334,100.97333333333334,19.53,26.473333333333333,24.810000000000002,26.526666666666667,225.33333333333334,0.9433333333333334,0.36000000000000004,129,4.607142857142857
EBONYI,15,29,4,48,97,43,140,294,35,0,4,1,2,1,0,2,2,0,5,0,0,0,0,0,0,1,Q2,2023,8.110000000000001,1.8233333333333333,82.28333333333335,0.6133333333333334,3.206666666666667,100.02666666666666,18.176666666666666,27.679999999999996,23.44666666666667,28.24666666666667,225.20000000000002,2.6166666666666667,1.97,188,3.9166666666666665
EDO,27,28,16,71,222,50,272,724,35,0,2,0,24,0,0,4,1,0,1,0,0,0,0,0,27,3,Q2,2023,7.6933333333333325,1.7,82.80666666666667,0.7333333333333334,5.72,99.99666666666667,19.343333333333334,26.099999999999998,24.486666666666665,26.150000000000002,230.96666666666667,1.3800000000000001,0.8533333333333334,343,4.830985915492958
EKITI,6,17,5,28,51,9,60,117,38,2,1,0,4,0,0,2,0,0,0,1,0,0,0,0,1,2,Q2,2023,8.163333333333334,1.8266666666666669,79.60333333333334,0.8066666666666666,7.993333333333333,96.82666666666667,18.48,25.02,23.203333333333333,25.136666666666667,225.5666666666667,2.1300000000000003,1.3766666666666667,88,3.142857142857143
ENUGU,13,25,6,44,129,40,169,284,26,0,4,0,22,0,0,8,3,0,3,0,0,0,0,0,0,2,Q2,2023,8.076666666666666,1.7933333333333332,80.17999999999999,0.6,4.03,99.33666666666666,18.316666666666666,26.78,23.47666666666667,27.133333333333336,232.0666666666667,2.533333333333333,1.9233333333333331,213,4.840909090909091
FCT,52,214,54,320,653,65,718,1713,285,1,11,8,6,0,3,1,19,6,13,8,0,1,2,0,136,2,Q2,2023,8.453333333333333,1.86,78.58999999999999,0.57,4.920000000000001,98.06666666666666,17.776666666666667,27.593333333333334,22.676666666666666,28.176666666666666,207.0666666666667,2.3666666666666667,1.4133333333333333,1038,3.24375
GOMBE,17,42,1,60,220,30,250,388,40,0,4,2,2,0,0,4,11,0,2,1,0,0,0,0,4,0,Q2,2023,9.69,2.0866666666666664,70.72666666666667,0.5,4.466666666666667,96.61333333333333,15.476666666666667,28.49,19.49,29.233333333333334,213.20000000000002,3.3366666666666664,2.2533333333333334,310,5.166666666666667
IMO,6,11,3,20,37,8,45,120,16,0,2,0,2,0,0,1,1,0,0,0,0,0,0,0,0,3,Q2,2023,7.763333333333333,1.7366666666666666,82.16000000000001,0.7233333333333333,6.013333333333333,100.36000000000001,19.173333333333332,26.569999999999997,24.403333333333332,26.679999999999996,227.46666666666667,1.87,1.33,65,3.25
JIGAWA,29,77,1,107,291,53,344,591,136,0,15,4,0,7,0,2,3,0,5,16,0,0,0,0,1,5,Q2,2023,10.053333333333333,2.0933333333333333,65.61,0.19333333333333336,1.4000000000000001,96.39,11.513333333333334,31.52333333333333,14.006666666666666,32.31666666666667,150.1,2.8533333333333335,1.3733333333333333,451,4.214953271028038
KADUNA,61,117,12,190,755,119,874,1489,125,0,7,2,2,1,7,18,23,2,6,4,0,1,0,7,5,8,Q2,2023,9.316666666666668,2.0466666666666664,73.10666666666667,0.75,16.813333333333333,94.09333333333332,16.71666666666667,25.103333333333335,20.823333333333334,25.123333333333335,206.53333333333333,2.7566666666666664,1.68,1064,5.6
KANO,22,60,5,87,272,46,318,556,54,0,4,3,2,2,0,6,8,0,11,2,0,0,0,1,19,3,Q2,2023,9.653333333333334,2.0500000000000003,68.42666666666666,0.22666666666666668,1.2266666666666668,95.92,12.143333333333333,30.733333333333334,14.966666666666669,30.993333333333336,250.9666666666667,2.7266666666666666,1.1066666666666667,405,4.655172413793103