STATE,FATAL,SERIOUS,MINOR,TOTAL CASES,NUMBER INJURED,NUMBER KILLED,TOTAL CASUALTY,PEOPLE INVOLVED,SPV,UPD,TBT,MDV,BFL,OVL,DOT,WOT,DGD,BRD,RTV,OBS,SOS,DAD,PWR,FTQ,SLV,OTHERS,QUARTER,YEAR,All Sky Surface Total PAR (MJ/m^2/day),All Sky Surface UV Index (W m-2 x 40),deg Cloud Amount (%),Surface Soil Wetness (1),Precipitation Corrected (mm/day),Surface Pressure (kPa),Specific Humidity at 2 Meters (g/kg),Temperature at 2 Meters (C),Dew/Frost Point at 2 Meters (C),Earth Skin Temperature (C),Wind Direction at 2 Meters (Degrees),Wind Speed at 10 Meters Range (m/s),Wind Speed at 2 Meters (m/s),CAUSE_SUM,CAUSE_RATE
KATSINA,17,20,0,37,131,34,165,242,31,0,5,0,0,1,0,2,0,0,0,0,0,0,0,0,8,0,Q2,2023,9.833333333333334,2.07,66.43666666666667,0.21666666666666665,2.7100000000000004,95.58,11.606666666666667,30.906666666666666,13.766666666666666,32.443333333333335,177.23333333333335,3.9,2.5533333333333332,202,5.45945945945946
KEBBI,10,25,2,37,89,24,113,207,26,0,0,0,0,0,1,0,1,0,2,0,0,0,0,0,1,1,Q2,2023,10.08,2.1333333333333333,62.79,0.23666666666666666,2.0233333333333334,98.12,13.686666666666667,32.1,17.656666666666666,33.06666666666666,195.9333333333333,3.1666666666666665,1.8466666666666667,150,4.054054054054054
KOGI,31,68,8,107,360,57,417,995,64,0,7,7,6,0,0,14,2,0,5,2,1,0,0,0,0,10,Q2,2023,8.306666666666667,1.8366666666666667,78.73,0.6433333333333333,5.233333333333333,98.89666666666666,18.5,26.8,23.570000000000004,27.103333333333335,223.1,2.66,2.03,524,4.897196261682243
KWARA,18,55,4,77,288,37,325,633,95,0,6,2,0,0,0,10,0,0,8,2,0,0,0,0,4,0,Q2,2023,8.666666666666666,1.9133333333333333,74.67,0.5333333333333333,3.776666666666667,97.7,17.336666666666666,27.873333333333335,22.246666666666666,28.706666666666667,215.0,3.356666666666667,2.4566666666666666,402,5.220779220779221
LAGOS,35,58,45,138,209,52,261,689,77,0,2,13,9,0,0,13,8,0,7,0,0,4,0,0,0,5,Q2,2023,7.813333333333333,1.7066666666666668,78.50333333333333,0.64,6.6433333333333335,100.79666666666667,19.466666666666665,27.293333333333333,24.73,27.55333333333333,222.23333333333335,1.62,2.35,399,2.891304347826087
NASARAWA,31,167,10,208,532,55,587,1108,140,0,6,3,3,6,0,6,37,0,24,0,0,0,0,0,36,13,Q2,2023,8.453333333333333,1.86,78.58999999999999,0.5733333333333334,4.416666666666667,98.26666666666667,18.036666666666665,27.189999999999998,23.016666666666666,27.73,225.83333333333334,2.39,1.6533333333333333,795,3.8221153846153846
NIGER,39,107,4,150,499,78,577,1042,128,1,2,3,4,2,0,10,6,1,5,1,0,1,1,2,6,4,Q2,2023,8.76,1.91,80.62,0.4633333333333334,3.953333333333333,99.53000000000002,17.613333333333333,29.180000000000003,22.753333333333334,29.97,209.96666666666667,2.6166666666666667,1.6600000000000001,727,4.846666666666667
OGUN,67,172,44,283,621,97,718,1777,340,1,37,20,22,3,0,14,15,2,22,2,4,0,0,2,4,14,Q2,2023,7.813333333333333,1.7066666666666668,78.50333333333333,0.7633333333333333,8.53,100.05,19.296666666666667,26.266666666666666,24.456666666666667,26.363333333333333,217.0,1.62,1.2,1001,3.537102473498233
ONDO,29,76,8,113,278,39,317,668,83,1,6,2,3,1,1,12,6,0,4,3,3,0,1,1,0,2,Q2,2023,8.163333333333334,1.8266666666666669,79.60333333333334,0.8066666666666666,7.993333333333333,96.82666666666667,18.48,25.02,23.203333333333333,25.136666666666667,225.5666666666667,2.1300000000000003,1.3766666666666667,430,3.8053097345132745
OSUN,18,58,13,89,230,54,284,639,56,0,12,0,4,1,3,5,1,0,11,0,0,0,0,0,0,2,Q2,2023,7.946666666666666,1.7699999999999998,80.65666666666667,0.8533333333333334,9.58,98.18,18.883333333333336,25.493333333333336,23.786666666666665,25.540000000000003,219.70000000000002,1.6833333333333333,1.0533333333333335,373,4.191011235955056
OYO,55,83,6,144,370,94,464,779,87,2,5,5,9,2,2,6,19,2,12,0,1,0,1,0,0,2,Q2,2023,8.03,1.78,82.72666666666667,0.7399999999999999,8.516666666666667,97.87333333333333,18.523333333333333,25.679999999999996,23.42,25.826666666666664,216.4333333333333,2.5433333333333334,1.86,608,4.222222222222222
PLATEAU,11,46,4,61,194,33,227,400,25,0,6,6,11,0,0,6,6,0,3,4,0,0,0,1,1,2,Q2,2023,9.016666666666666,2.02,74.01333333333334,0.38999999999999996,2.313333333333333,95.08,15.303333333333333,27.736666666666668,19.44,29.036666666666665,231.96666666666667,3.0966666666666662,2.21,288,4.721311475409836
RIVERS,8,10,4,22,34,11,45,116,18,0,2,2,1,0,0,2,1,0,5,0,0,0,0,0,0,0,Q2,2023,7.166666666666667,1.6233333333333333,82.20333333333333,0.8233333333333334,7.703333333333333,100.76666666666667,19.3,26.503333333333334,24.580000000000002,26.536666666666665,221.6,1.4766666666666666,0.88,67,3.0454545454545454
SOKOTO,6,11,0,17,58,8,66,90,13,0,2,1,0,1,0,2,10,0,0,0,0,0,0,0,0,1,Q2,2023,10.25,2.1466666666666665,58.87666666666667,0.2366666666666667,2.0433333333333334,97.73666666666668,12.863333333333335,32.24,16.356666666666666,33.629999999999995,193.6,3.846666666666667,2.4833333333333334,83,4.882352941176471
TARABA,8,38,1,47,99,10,109,202,22,0,2,1,0,0,0,6,12,0,2,0,0,0,0,0,17,1,Q2,2023,8.766666666666667,1.9633333333333332,81.23,0.3566666666666667,1.8066666666666666,98.07,15.950000000000001,29.686666666666667,20.826666666666668,30.916666666666668,228.0333333333333,3.766666666666666,2.563333333333333,156,3.3191489361702127
YOBE,16,33,1,50,305,32,337,438,36,0,7,0,0,3,0,8,2,0,4,0,0,0,0,0,2,2,Q2,2023,10.273333333333333,2.1666666666666665,63.46,0.11666666666666665,0.7866666666666667,96.58666666666666,10.896666666666667,32.53,12.993333333333334,34.17333333333333,139.23333333333332,3.6133333333333333,2.1233333333333335,387,7.74
ZAMFARA,5,14,0,19,146,32,178,142,14,1,1,1,0,0,1,2,0,0,3,0,0,0,0,0,0,0,Q2,2023,10.093333333333334,2.1466666666666665,62.99333333333334,0.30333333333333334,1.4500000000000002,95.02,13.273333333333333,29.74333333333333,16.56,31.376666666666665,199.46666666666667,3.9,2.5833333333333335,197,10.368421052631579
ABIA,2,8,5,15,42,11,53,129,5,0,7,2,4,0,0,0,0,0,0,0,0,0,0,0,0,0,Q3,2023,6.793333333333333,1.5933333333333335,87.91666666666667,0.7733333333333334,6.640000000000001,100.18666666666667,18.546666666666667,25.703333333333333,23.833333333333332,25.77333333333333,226.96666666666667,2.2466666666666666,1.6133333333333333,68,4.533333333333333
ADAMAWA,5,26,1,32,89,6,95,160,21,0,1,1,2,0,0,2,4,0,0,0,0,0,0,0,2,0,Q3,2023,8.876666666666667,2.0366666666666666,69.02666666666666,0.4566666666666666,3.3466666666666662,98.22000000000001,16.876666666666665,28.23,21.933333333333334,28.83666666666667,233.96666666666667,2.72,1.36,127,3.96875
AKWA IBOM,2,6,0,8,14,3,17,22,9,0,0,0,0,0,0,0,0,0,0,0,0,0,0,0,0,1,Q3,2023,,,,,,,,,,,,,,25,3.125
ANAMBRA,10,18,6,34,90,19,109,252,14,1,4,0,10,0,0,10,0,0,0,1,0,0,0,0,0,2,Q3,2023,7.16,1.6733333333333331,84.23,0.7666666666666666,7.599999999999999,100.05333333333333,18.580000000000002,25.75333333333333,23.840000000000003,25.89,232.0,2.316666666666667,1.83,143,4.205882352941177
BAUCHI,13,35,3,51,159,16,175,309,36,0,9,4,0,1,0,2,1,1,1,1,0,0,0,0,0,1,Q3,2023,9.486666666666666,2.1666666666666665,70.19,0.4633333333333333,2.6799999999999997,95.34333333333332,15.923333333333332,26.826666666666668,20.503333333333334,27.560000000000002,175.96666666666667,2.72,1.6633333333333333,226,4.431372549019608
BAYELSA,0,2,3,5,2,0,2,22,6,0,0,0,0,0,0,1,0,0,0,0,0,0,0,0,0,0,Q3,2023,6.073333333333333,1.4166666666666667,87.48666666666666,0.92,6.38,101.06666666666666,18.75,25.72666666666667,24.16,25.933333333333334,228.4666666666667,2.1733333333333333,1.5066666666666666,7,1.4
BENUE,10,45,0,55,176,13,189,320,44,0,3,1,1,0,0,2,1,0,3,0,0,0,0,0,1,1,Q3,2023,7.739999999999999,1.7933333333333332,80.15666666666667,0.6466666666666666,2.6999999999999997,99.62333333333333,17.94333333333333,26.44666666666667,23.19333333333333,26.8,227.29999999999998,2.9,1.8,244,4.4363636363636365
BORNO,9,19,0,28,93,17,110,199,8,0,2,0,0,2,0,6,0,0,1,0,0,0,0,0,7,0,Q3,2023,9.03,2.026666666666667,70.65333333333334,0.30333333333333334,2.7900000000000005,97.45666666666666,15.459999999999999,30.113333333333333,20.326666666666664,31.23,201.5666666666667,3.39,1.95,138,4.928571428571429
CROSS RIVER,3,11,4,18,25,12,37,141,10,0,1,0,7,0,0,2,0,0,0,0,0,0,0,0,1,0,Q3,2023,6.6933333333333325,1.6133333333333333,89.87,0.7799999999999999,4.48,99.89,18.333333333333332,25.873333333333335,23.593333333333334,25.983333333333334,226.9,2.6133333333333333,1.68,55,3.0555555555555554
DELTA,15,11,4,30,63,15,78,154,17,0,5,0,3,0,0,3,0,0,5,1,0,0,0,0,6,2,Q3,2023,6.183333333333334,1.4366666666666668,81.17,0.9066666666666667,6.836666666666666,101.15333333333335,18.74,25.643333333333334,24.17,25.71666666666667,231.83333333333334,1.27,0.41333333333333333,108,3.6
EBONYI,7,12,0,19,39,10,49,104,12,0,1,0,0,0,0,4,0,0,1,0,0,0,0,0,0,0,Q3,2023,7.493333333333333,1.76,84.17,0.7166666666666667,3.3266666666666667,100.21,18.346666666666668,26.183333333333334,23.66,26.320000000000004,227.29999999999998,2.8066666666666666,1.7766666666666666,68,3.5789473684210527
EDO,10,20,3,33,79,16,95,266,40,0,2,2,11,0,0,1,0,1,1,0,0,0,0,0,3,0,Q3,2023,6.633333333333333,1.5533333333333335,85.29,0.81,7.203333333333333,100.16333333333334,18.656666666666666,25.473333333333333,23.926666666666666,25.543333333333333,234.9333333333333,1.5833333333333333,0.9233333333333333,128,3.878787878787879
EKITI,10,15,4,29,53,23,76,146,28,0,1,0,1,0,0,1,0,0,1,0,0,1,0,0,16,1,Q3,2023,7.096666666666667,1.6600000000000001,84.02333333333333,0.9133333333333334,9.316666666666666,96.96666666666665,18.036666666666665,24.513333333333332,22.833333333333332,24.64,228.9,2.1033333333333335,1.3099999999999998,105,3.6206896551724137
ENUGU,13,16,3,32,96,31,127,248,18,0,1,0,14,0,0,1,1,0,0,0,0,0,0,0,1,0,Q3,2023,7.16,1.6733333333333331,84.23,0.7033333333333333,5.406666666666666,99.50333333333333,18.283333333333335,25.7,23.49,25.790000000000003,232.4,2.6933333333333334,1.8033333333333335,159,4.96875
FCT,63,216,70,349,607,82,689,1824,278,0,17,12,9,0,4,8,16,0,33,0,0,2,1,1,119,11,Q3,2023,7.9433333333333325,1.8233333333333333,78.85333333333334,0.7066666666666667,6.113333333333333,98.25666666666666,18.30666666666667,25.926666666666666,23.290000000000003,26.01,208.86666666666667,2.2566666666666664,1.2033333333333334,1038,2.974212034383954
GOMBE,7,29,4,40,140,11,151,302,17,0,8,5,2,0,0,3,3,0,2,0,0,0,0,0,0,0,Q3,2023,8.976666666666667,2.03,70.13666666666667,0.5566666666666666,4.266666666666667,96.84666666666665,17.17,26.586666666666662,22.00333333333333,26.923333333333332,200.16666666666666,2.3533333333333335,1.6533333333333333,191,4.775
IMO,7,10,3,20,107,10,117,211,9,0,4,0,4,0,0,1,2,0,0,0,0,0,0,0,0,0,Q3,2023,6.793333333333333,1.5933333333333335,87.91666666666667,0.8566666666666666,7.96,100.53333333333335,18.713333333333335,25.813333333333333,24.040000000000003,25.929999999999996,230.9,2.0433333333333334,1.46,137,6.85
JIGAWA,12,52,0,64,217,21,238,386,89,0,8,0,0,5,0,2,1,0,3,8,0,0,1,0,2,1,Q3,2023,10.026666666666666,2.1999999999999997,64.11,0.3233333333333333,3.0799999999999996,96.60666666666667,15.073333333333332,29.69666666666667,19.78,30.136666666666667,177.23333333333335,1.99,0.6733333333333333,302,4.71875
KADUNA,42,71,4,117,481,82,563,1038,71,0,7,1,0,1,2,7,8,2,5,1,0,0,0,4,3,3,Q3,2023,8.846666666666666,2.0433333333333334,77.87666666666667,0.79,5.81,94.25999999999999,17.37,24.486666666666668,21.75333333333333,24.653333333333336,201.29999999999998,2.4166666666666665,1.3866666666666667,680,5.811965811965812
KANO,15,27,1,43,132,24,156,240,25,0,1,1,0,1,0,5,7,0,5,1,0,0,0,0,4,2,Q3,2023,9.566666666666666,2.143333333333333,66.07666666666667,0.35333333333333333,3.016666666666667,96.12666666666667,15.373333333333335,29.099999999999998,20.006666666666668,29.166666666666668,202.23333333333335,1.9033333333333333,0.35333333333333333,199,4.627906976744186
KATSINA,6,12,0,18,78,13,91,132,17,0,3,1,0,0,0,3,0,0,0,1,0,0,1,0,1,6,Q3,2023,9.67,2.1666666666666665,65.83333333333333,0.5833333333333334,7.8066666666666675,95.81333333333333,17.44666666666667,26.63,22.073333333333334,26.71666666666667,224.4333333333333,2.98,1.6133333333333333,109,6.055555555555555
KEBBI,0,10,0,10,14,0,14,21,10,0,0,0,0,0,0,0,0,0,0,0,0,0,0,0,0,0,Q3,2023,9.603333333333333,2.1166666666666667,64.27666666666666,0.54,5.623333333333334,98.37666666666667,18.146666666666665,27.77,23.16,27.850000000000005,204.03333333333333,2.0233333333333334,0.8733333333333334,24,2.4
KOGI,27,58,11,96,355,52,407,815,21,2,13,2,9,0,0,5,1,0,5,2,8,0,0,0,40,4,Q3,2023,7.55,1.7433333333333334,79.27333333333333,0.7733333333333334,7.146666666666666,99.07,18.38,25.820000000000004,23.49666666666667,25.96666666666667,224.66666666666666,2.6,1.7266666666666666,503,5.239583333333333
KWARA,23,43,7,73,222,51,273,506,30,0,5,4,2,0,0,19,7,0,2,0,0,0,0,0,39,2,Q3,2023,7.436666666666667,1.7366666666666666,80.13666666666666,0.68,6.046666666666667,97.88,18.043333333333333,25.83,22.99,25.94666666666667,218.6,2.98,1.7033333333333334,346,4.739726027397261
LAGOS,18,64,24,106,164,34,198,508,56,0,4,12,8,0,0,5,7,0,10,0,0,1,0,0,0,7,Q3,2023,6.803333333333334,1.5666666666666667,80.64666666666666,0.7399999999999999,7.236666666666667,100.97000000000001,18.74,25.95,24.136666666666667,26.23,227.29999999999998,1.6933333333333334,2.563333333333333,304,2.8679245283018866
NASARAWA,23,128,11,162,411,37,448,826,113,1,14,6,2,2,0,9,21,0,17,1,0,1,1,0,24,8,Q3,2023,7.9433333333333325,1.8233333333333333,78.85333333333334,0.6633333333333334,5.04,98.44666666666667,18.183333333333334,26.05666666666667,23.213333333333335,26.286666666666665,220.83333333333334,2.223333333333333,1.3266666666666667,610,3.765432098765432
NIGER,27,69,5,101,382,56,438,779,98,1,4,4,3,0,0,13,4,1,4,1,0,1,0,2,0,2,Q3,2023,8.07,1.83,80.03,0.6433333333333334,5.803333333333334,99.73333333333333,18.689999999999998,26.83,23.883333333333336,26.886666666666667,217.6,2.2133333333333334,1.2066666666666668,539,5.336633663366337
OGUN,51,133,28,212,584,82,666,1479,262,0,28,4,9,4,0,25,11,0,27,3,0,0,0,0,13,10,Q3,2023,6.803333333333334,1.5666666666666667,80.64666666666666,0.89,9.25,100.21,18.726666666666667,25.570000000000004,23.993333333333336,25.75333333333333,221.1,1.7233333333333334,1.2733333333333334,878,4.1415094339622645
ONDO,26,38,4,68,161,44,205,433,68,0,5,1,3,0,0,7,3,0,8,0,1,0,0,4,1,1,Q3,2023,7.096666666666667,1.6600000000000001,84.02333333333333,0.9133333333333334,9.316666666666666,96.96666666666665,18.036666666666665,24.513333333333332,22.833333333333332,24.64,228.9,2.1033333333333335,1.3099999999999998,273,4.014705882352941
OSUN,20,36,11,67,239,41,280,571,59,0,6,1,5,1,0,5,0,1,8,0,1,0,0,0,0,8,Q3,2023,6.640000000000001,1.5666666666666667,85.07,0.9566666666666667,10.743333333333334,98.32666666666667,18.423333333333332,24.953333333333333,23.403333333333336,25.0,222.66666666666666,1.6733333333333331,1.04,347,5.17910447761194
OYO,36,74,8,118,332,45,377,737,106,0,12,0,5,2,0,10,6,0,7,0,0,0,0,0,0,12,Q3,2023,6.69,1.5666666666666667,81.42666666666666,0.9,9.51,98.02333333333333,18.27,25.0,23.22,25.076666666666668,218.5666666666667,2.46,1.7066666666666668,495,4.194915254237288
PLATEAU,4,35,5,44,100,4,104,178,32,0,0,0,7,0,0,5,3,0,0,0,0,0,0,0,1,2,Q3,2023,8.973333333333334,2.0733333333333333,71.90333333333332,0.49333333333333335,2.8800000000000003,95.27333333333333,16.39333333333333,25.80333333333333,20.959999999999997,26.58,216.4,2.723333333333333,1.6833333333333333,148,3.3636363636363638
RIVERS,2,9,2,13,49,3,52,140,11,0,4,0,3,0,0,0,2,0,1,0,0,0,0,0,0,0,Q3,2023,6.010000000000001,1.4233333333333336,88.71666666666665,0.9133333333333334,6.993333333333335,100.94333333333333,18.76,25.743333333333336,24.143333333333334,25.77,223.86666666666667,1.7166666666666668,0.9766666666666666,65,5.0
SOKOTO,5,9,1,15,36,11,47,58,14,0,0,0,0,2,0,2,4,0,2,0,0,0,0,0,0,0,Q3,2023,9.696666666666667,2.1233333333333335,68.01,0.5133333333333333,6.3,97.99000000000001,18.046666666666667,27.71666666666667,23.00333333333333,27.906666666666666,207.63333333333333,2.453333333333333,1.4433333333333334,62,4.133333333333334
TARABA,0,24,0,24,79,0,79,162,8,0,1,0,0,0,0,1,9,0,3,0,0,0,0,0,6,0,Q3,2023,8.116666666666665,1.9133333333333333,77.23333333333333,0.41333333333333333,2.2666666666666666,98.29,16.76,27.820000000000004,21.843333333333334,28.580000000000002,219.20000000000002,3.1133333333333333,1.7366666666666666,103,4.291666666666667
YOBE,8,19,1,28,93,12,105,132,11,0,9,2,0,0,0,2,2,0,2,0,0,0,0,0,4,1,Q3,2023,10.123333333333333,2.223333333333333,66.37,0.24666666666666667,2.02,96.82000000000001,14.963333333333333,30.066666666666666,19.703333333333333,31.106666666666666,182.33333333333334,2.6466666666666665,1.4133333333333333,133,4.75
ZAMFARA,1,9,0,10,38,1,39,49,8,0,0,0,0,0,0,2,1,0,0,0,0,0,0,0,2,0,Q3,2023,9.616666666666667,2.14,64.30333333333333,0.47666666666666674,4.373333333333334,95.22666666666667,16.580000000000002,27.02,21.136666666666667,27.80333333333333,205.4,2.8733333333333335,1.6766666666666667,49,4.9
ABIA,9,15,2,26,159,14,173,298,13,0,9,0,4,0,0,1,0,0,1,0,0,1,0,0,2,0,Q4,2023,8.046666666666667,1.8133333333333335,66.00333333333333,0.7833333333333333,2.69,100.00333333333333,17.966666666666665,26.080000000000002,23.150000000000002,25.986666666666668,249.79999999999998,2.1766666666666663,1.2,199,7.653846153846154
ADAMAWA,9,33,0,42,153,11,164,327,34,1,3,1,2,0,0,8,3,0,2,0,0,0,0,0,3,0,Q4,2023,9.166666666666666,1.9000000000000001,38.21,0.28,0.31666666666666665,98.06666666666668,10.176666666666668,29.783333333333335,12.326666666666668,30.813333333333333,56.86666666666667,2.956666666666667,1.7866666666666668,206,4.904761904761905
AKWA IBOM,5,4,3,12,24,15,39,66,8,0,0,0,0,0,0,3,3,0,0,0,0,0,1,0,0,0,Q4,2023,,,,,,,,,,,,,,51,4.25
ANAMBRA,8,13,11,32,71,9,80,288,11,0,1,1,8,0,0,11,0,0,0,1,0,0,0,0,2,1,Q4,2023,8.336666666666668,1.8266666666666669,57.74333333333333,0.8066666666666666,3.02,99.87333333333333,17.77,26.150000000000002,22.896666666666665,26.03,269.6666666666667,2.34,1.3499999999999999,112,3.5
BAUCHI,23,59,1,83,361,46,407,657,55,0,13,0,2,1,0,3,2,1,8,9,0,0,0,2,7,33,Q4,2023,8.950000000000001,1.8133333333333335,36.60333333333333,0.2966666666666667,0.33,95.27333333333333,8.493333333333332,26.733333333333334,9.11,27.46666666666667,60.56666666666666,3.6733333333333333,2.2566666666666664,490,5.903614457831325
BAYELSA,0,2,1,3,14,0,14,17,0,0,1,0,0,0,0,2,0,0,0,0,0,0,0,0,1,0,Q4,2023,7.496666666666667,1.7066666666666668,68.01666666666667,0.8933333333333334,3.643333333333333,100.87333333333333,18.616666666666667,26.603333333333335,23.923333333333336,26.676666666666666,246.33333333333334,1.6499999999999997,1.1766666666666665,17,5.666666666666667
BENUE,13,25,4,42,114,23,137,227,27,0,3,2,0,0,1,3,2,1,2,0,0,0,0,0,0,1,Q4,2023,8.9,1.9133333333333333,49.30333333333334,0.5133333333333333,1.21,99.44,14.966666666666667,27.763333333333332,19.363333333333333,28.429999999999996,162.96666666666667,3.1633333333333336,1.6366666666666667,179,4.261904761904762
BORNO,4,15,0,19,210,5,215,313,4,0,1,0,0,0,0,3,0,0,0,0,0,0,0,0,15,9,Q4,2023,9.236666666666666,1.8499999999999999,33.39333333333334,0.17333333333333334,0.10666666666666667,97.46333333333332,7.260000000000001,28.113333333333333,7.403333333333333,29.21666666666667,39.23333333333333,3.473333333333333,2.6833333333333336,234,12.31578947368421
CROSS RIVER,9,14,3,26,42,16,58,130,15,0,1,1,2,0,3,2,0,1,0,0,0,0,0,0,1,2,Q4,2023,8.096666666666666,1.87,69.06,0.75,2.7433333333333336,99.70333333333333,17.71666666666667,26.616666666666664,22.876666666666665,26.683333333333334,210.53333333333333,2.3266666666666667,1.2666666666666666,84,3.230769230769231
DELTA,11,26,1,38,123,29,152,303,20,1,2,0,4,1,0,6,0,0,2,0,0,0,0,1,3,1,Q4,2023,7.843333333333334,1.7533333333333332,58.833333333333336,0.8966666666666666,4.193333333333333,100.96,18.836666666666666,26.46666666666667,24.133333333333336,26.406666666666666,250.23333333333335,0.9433333333333334,0.3433333333333333,190,5.0
EBONYI,8,15,2,25,72,11,83,129,15,0,2,0,1,0,0,5,0,0,2,0,0,0,0,0,0,3,Q4,2023,8.693333333333333,1.92,59.23666666666666,0.6033333333333334,1.78,100.02,16.253333333333334,27.363333333333333,21.05,27.733333333333334,166.83333333333334,2.9033333333333338,1.5266666666666666,108,4.32
EDO,12,29,5,46,102,16,118,247,38,0,4,0,9,0,0,3,1,0,7,0,0,0,0,0,4,1,Q4,2023,8.083333333333334,1.76,59.06,0.8300000000000001,3.39,99.98333333333333,18.253333333333334,26.073333333333334,23.393333333333334,25.89,272.43333333333334,1.2766666666666666,0.7166666666666667,164,3.5652173913043477
EKITI,2,18,4,24,37,2,39,80,30,0,1,4,1,0,0,1,0,0,0,0,0,1,0,0,4,0,Q4,2023,8.356666666666667,1.8033333333333335,54.27666666666667,0.8833333333333333,3.15,96.82333333333334,16.80333333333333,24.883333333333336,21.456666666666667,24.513333333333332,158.73333333333335,1.89,0.9866666666666667,63,2.625
ENUGU,9,29,4,42,193,16,209,332,31,0,1,0,13,0,0,3,1,0,3,0,0,0,0,0,0,0,Q4,2023,8.336666666666668,1.8266666666666669,57.74333333333333,0.6533333333333333,1.9866666666666666,99.32333333333334,16.69,26.316666666666666,21.576666666666668,26.263333333333332,161.0,2.59,1.42,251,5.976190476190476
FCT,47,199,50,296,548,69,617,1635,258,2,9,2,2,0,3,2,11,0,17,0,0,0,0,1,71,4,Q4,2023,8.78,1.8399999999999999,43.303333333333335,0.5933333333333334,1.62,98.10666666666667,14.76,26.006666666666664,19.136666666666667,25.786666666666665,122.0,2.6166666666666667,1.1733333333333333,913,3.0844594594594597
GOMBE,18,96,4,118,464,29,493,827,57,0,4,7,5,2,1,9,12,0,2,1,0,0,0,0,0,0,Q4,2023,9.02,1.8133333333333335,33.69,0.37666666666666665,0.4166666666666667,96.75,9.586666666666666,27.099999999999998,11.03,27.419999999999998,63.0,3.376666666666667,2.18,611,5.177966101694915
IMO,12,13,4,29,72,24,96,197,17,0,0,0,4,0,0,4,4,0,0,0,0,3,1,0,0,0,Q4,2023,8.046666666666667,1.8133333333333335,66.00333333333333,0.8700000000000001,3.4566666666666666,100.34666666666668,18.146666666666665,26.330000000000002,23.37,26.22666666666667,260.3666666666667,2.03,1.13,125,4.310344827586207
JIGAWA,18,93,3,114,460,36,496,769,160,0,14,4,0,5,1,7,1,0,3,10,0,0,0,3,2,1,Q4,2023,8.853333333333333,1.7133333333333336,32.85,0.21333333333333335,0.17,96.64333333333333,6.8999999999999995,26.143333333333334,6.656666666666666,26.356666666666666,51.53333333333333,2.5066666666666664,1.0733333333333335,610,5.350877192982456
KADUNA,71,131,7,209,889,150,1039,1838,118,0,25,4,2,4,2,6,15,4,18,0,0,1,0,9,1,9,Q4,2023,8.94,1.8233333333333335,37.693333333333335,0.65,0.52,94.16000000000001,11.403333333333334,23.256666666666664,14.176666666666668,22.55,70.93333333333334,3.7066666666666666,2.0166666666666666,1248,5.971291866028708
KANO,23,35,1,59,265,62,327,461,54,0,2,0,0,3,0,5,4,0,1,0,0,0,0,0,7,1,Q4,2023,8.903333333333334,1.76,34.28666666666667,0.23666666666666666,0.18000000000000002,96.16000000000001,7.156666666666666,25.439999999999998,7.140000000000001,25.400000000000002,52.46666666666667,2.2933333333333334,0.6966666666666667,386,6.5423728813559325
KATSINA,13,27,0,40,207,45,252,356,30,0,7,0,0,1,0,4,3,0,1,0,0,0,0,0,0,3,Q4,2023,8.753333333333332,1.7133333333333332,26.106666666666666,0.32666666666666666,0.21666666666666667,95.83999999999999,8.01,24.19666666666667,8.423333333333334,23.963333333333335,78.96666666666665,3.9433333333333334,2.5,292,7.3
KEBBI,15,35,0,50,219,40,259,606,46,0,0,0,0,0,0,1,3,0,1,0,0,0,0,0,1,0,Q4,2023,8.976666666666667,1.7433333333333334,23.906666666666666,0.3,0.29,98.35666666666667,9.276666666666666,26.246666666666666,10.81,26.326666666666664,81.06666666666666,2.53,1.2966666666666666,309,6.18
KOGI,32,71,4,107,355,65,420,1015,67,0,7,11,9,4,1,9,1,1,0,0,1,0,0,0,17,0,Q4,2023,8.513333333333334,1.8166666666666667,50.35666666666666,0.7633333333333333,2.2433333333333336,98.91333333333334,16.59,26.03,21.493333333333336,25.713333333333335,154.9,2.393333333333333,1.3033333333333335,527,4.925233644859813
KWARA,24,44,7,75,316,57,373,605,47,1,1,6,11,0,0,20,2,2,2,2,0,0,0,2,11,3,Q4,2023,8.553333333333333,1.8,48.38666666666666,0.5933333333333334,1.5333333333333332,97.75333333333333,14.506666666666666,26.166666666666668,18.776666666666667,26.03333333333333,142.13333333333333,2.813333333333333,1.4400000000000002,448,5.973333333333334
LAGOS,13,47,41,101,127,17,144,475,65,1,4,7,6,0,0,6,3,0,4,0,0,0,0,1,0,5,Q4,2023,8.353333333333333,1.7966666666666669,54.26,0.77,3.686666666666667,100.79,18.66,27.03333333333333,23.956666666666667,27.263333333333335,232.66666666666666,1.8166666666666667,1.8133333333333335,245,2.4257425742574257